<?xml version="1.0" encoding="UTF-8" standalone="no"?>
<Tournament dataVersion="201">
<Players>
<Player agaExpirationDate="" agaId="" club="xxx" country="BR" egfPin="12586156" ffgLicence="" ffgLicenceStatus="" firstName="Ronald-Yasuki" name="Matayoshi" participating="11111111111111111111" rank="2D" rating="2402" ratingOrigin="EGF" registeringStatus="FIN" smmsCorrection="0"/>
<Player agaExpirationDate="" agaId="" club="Cork" country="IE" egfPin="13533806" ffgLicence="" ffgLicenceStatus="" firstName="Rory" name="Wales" participating="11111111111111111111" rank="2K" rating="1879" ratingOrigin="EGF" registeringStatus="FIN" smmsCorrection="0"/>
<Player agaExpirationDate="" agaId="" club="67SE" country="JP" egfPin="12874356" ffgLicence="" ffgLicenceStatus="" firstName="Motoki" name="Noguchi" participating="11111111111111111111" rank="6D" rating="2639" ratingOrigin="EGF" registeringStatus="FIN" smmsCorrection="0"/>
<Player agaExpirationDate="" agaId="" club="" country="JP" egfPin="" ffgLicence="" ffgLicenceStatus="" firstName="Riki" name="Nakasone" participating="11111111111111111111" rank="6D" rating="2600" ratingOrigin="INI" registeringStatus="FIN" smmsCorrection="0"/>
<Player agaExpirationDate="" agaId="" club="DHaa" country="NL" egfPin="10501216" ffgLicence="" ffgLicenceStatus="" firstName="Geert" name="Groenen" participating="11111111111111111111" rank="6D" rating="2495" ratingOrigin="EGF" registeringStatus="FIN" smmsCorrection="0"/>
<Player agaExpirationDate="" agaId="" club="Pale" country="IT" egfPin="15974486" ffgLicence="" ffgLicenceStatus="" firstName="Vincenzo" name="Sabato" participating="11111111111111111111" rank="4K" rating="1743" ratingOrigin="EGF" registeringStatus="FIN" smmsCorrection="0"/>
<Player agaExpirationDate="" agaId="" club="Belf" country="IE" egfPin="14850187" ffgLicence="" ffgLicenceStatus="" firstName="James" name="Hutchinson" participating="11111111111111111111" rank="1D" rating="2059" ratingOrigin="EGF" registeringStatus="FIN" smmsCorrection="0"/>
<Player agaExpirationDate="" agaId="" club="Loug" country="UK" egfPin="15949846" ffgLicence="" ffgLicenceStatus="" firstName="Chong" name="Han" participating="11111111111111111111" rank="5D" rating="2448" ratingOrigin="EGF" registeringStatus="FIN" smmsCorrection="0"/>
<Player agaExpirationDate="" agaId="" club="" country="TH" egfPin="" ffgLicence="" ffgLicenceStatus="" firstName="Bhirasidh" name="Woranansiri" participating="11111111111111111111" rank="2D" rating="2200" ratingOrigin="INI" registeringStatus="FIN" smmsCorrection="0"/>
<Player agaExpirationDate="" agaId="" club="44Na" country="FR" egfPin="14962706" ffgLicence="" ffgLicenceStatus="" firstName="Tanguy" name="le_Calve" participating="11111111111111111111" rank="4D" rating="2372" ratingOrigin="EGF" registeringStatus="FIN" smmsCorrection="0"/>
<Player agaExpirationDate="" agaId="" club="67SE" country="FR" egfPin="10349350" ffgLicence="" ffgLicenceStatus="" firstName="Antoine" name="Fenech" participating="11111111111111111111" rank="5D" rating="2431" ratingOrigin="EGF" registeringStatus="FIN" smmsCorrection="0"/>
<Player agaExpirationDate="" agaId="" club="" country="TH" egfPin="" ffgLicence="" ffgLicenceStatus="" firstName="Krit" name="Jamkachornkiat" participating="11111111111111111111" rank="4D" rating="2400" ratingOrigin="INI" registeringStatus="FIN" smmsCorrection="0"/>
<Player agaExpirationDate="" agaId="" club="77Mo" country="RU" egfPin="10837068" ffgLicence="" ffgLicenceStatus="" firstName="Oleg" name="Mezhov" participating="11111111111111111111" rank="6D" rating="2562" ratingOrigin="EGF" registeringStatus="FIN" smmsCorrection="0"/>
<Player agaExpirationDate="" agaId="" club="Bolo" country="IT" egfPin="12798731" ffgLicence="" ffgLicenceStatus="" firstName="Cesare" name="Sassoli" participating="11111111111111111111" rank="4K" rating="1619" ratingOrigin="EGF" registeringStatus="FIN" smmsCorrection="0"/>
<Player agaExpirationDate="" agaId="" club="" country="AU" egfPin="" ffgLicence="" ffgLicenceStatus="" firstName="Wei" name="Xu" participating="11111111111111111111" rank="5D" rating="2500" ratingOrigin="INI" registeringStatus="FIN" smmsCorrection="0"/>
<Player agaExpirationDate="" agaId="" club="" country="US" egfPin="" ffgLicence="" ffgLicenceStatus="" firstName="Li" name="Zhang" participating="11111111111111111111" rank="5D" rating="2500" ratingOrigin="INI" registeringStatus="FIN" smmsCorrection="0"/>
<Player agaExpirationDate="" agaId="" club="" country="US" egfPin="" ffgLicence="" ffgLicenceStatus="" firstName="Jerry" name="Shen" participating="11111111111111111111" rank="4D" rating="2400" ratingOrigin="INI" registeringStatus="FIN" smmsCorrection="0"/>
<Player agaExpirationDate="" agaId="" club="92An" country="BR" egfPin="16349245" ffgLicence="" ffgLicenceStatus="" firstName="Michael" name="Trazzi" participating="11111111111111111111" rank="1D" rating="1743" ratingOrigin="EGF" registeringStatus="FIN" smmsCorrection="0"/>
<Player agaExpirationDate="" agaId="" club="Epsm" country="UK" egfPin="10262021" ffgLicence="" ffgLicenceStatus="" firstName="Matthew" name="Cocke" participating="11111111111111111111" rank="5D" rating="2447" ratingOrigin="EGF" registeringStatus="FIN" smmsCorrection="0"/>
<Player agaExpirationDate="" agaId="" club="xxxx" country="AU" egfPin="16462809" ffgLicence="" ffgLicenceStatus="" firstName="David" name="Bofinger" participating="11111111111111111111" rank="2D" rating="2184" ratingOrigin="EGF" registeringStatus="FIN" smmsCorrection="0"/>
<Player agaExpirationDate="" agaId="" club="xxx" country="AU" egfPin="15086951" ffgLicence="" ffgLicenceStatus="" firstName="Hao-Song" name="Sun" participating="11111111111111111111" rank="5D" rating="2564" ratingOrigin="EGF" registeringStatus="FIN" smmsCorrection="0"/>
<Player agaExpirationDate="" agaId="" club="HKng" country="UK" egfPin="14349467" ffgLicence="" ffgLicenceStatus="" firstName="Vanessa" name="Wong" participating="11111111111111111111" rank="5D" rating="2500" ratingOrigin="EGF" registeringStatus="FIN" smmsCorrection="0"/>
<Player agaExpirationDate="" agaId="" club="Brai" country="RO" egfPin="10398410" ffgLicence="" ffgLicenceStatus="" firstName="Iulian" name="Toma" participating="11111111111111111111" rank="3D" rating="2189" ratingOrigin="EGF" registeringStatus="FIN" smmsCorrection="0"/>
<Player agaExpirationDate="" agaId="" club="" country="CT" egfPin="" ffgLicence="" ffgLicenceStatus="" firstName="Yu-Cheng" name="Lai" participating="11111111111111111111" rank="7D" rating="2700" ratingOrigin="INI" registeringStatus="FIN" smmsCorrection="0"/>
<Player agaExpirationDate="" agaId="" club="" country="BR" egfPin="" ffgLicence="" ffgLicenceStatus="" firstName="Shimada Ramos" name="Thiago Sinji" participating="11111111111111111111" rank="3D" rating="2300" ratingOrigin="INI" registeringStatus="FIN" smmsCorrection="0"/>
<Player agaExpirationDate="" agaId="" club="" country="RO" egfPin="" ffgLicence="" ffgLicenceStatus="" firstName="Nicolaie" name="Lucian" participating="11111111111111111111" rank="2D" rating="2200" ratingOrigin="INI" registeringStatus="FIN" smmsCorrection="0"/>
<Player agaExpirationDate="" agaId="" club="" country="HK" egfPin="" ffgLicence="" ffgLicenceStatus="" firstName="Ho Yeung" name="Woo" participating="11111111111111111111" rank="5D" rating="2500" ratingOrigin="INI" registeringStatus="FIN" smmsCorrection="0"/>
<Player agaExpirationDate="" agaId="" club="" country="HK" egfPin="" ffgLicence="" ffgLicenceStatus="" firstName="Chau-Faat" name="Tang" participating="11111111111111111111" rank="5D" rating="2500" ratingOrigin="INI" registeringStatus="FIN" smmsCorrection="0"/>
<Player agaExpirationDate="" agaId="" club="78SP" country="RU" egfPin="10825254" ffgLicence="" ffgLicenceStatus="" firstName="Dmitrij" name="Surin" participating="11111111111111111111" rank="6D" rating="2562" ratingOrigin="EGF" registeringStatus="FIN" smmsCorrection="0"/>
<Player agaExpirationDate="" agaId="" club="Belf" country="IE" egfPin="12913769" ffgLicence="" ffgLicenceStatus="" firstName="Ian" name="Davis" participating="11111111111111111111" rank="1D" rating="2087" ratingOrigin="EGF" registeringStatus="FIN" smmsCorrection="0"/>
<Player agaExpirationDate="" agaId="" club="38Gr" country="JP" egfPin="10549407" ffgLicence="" ffgLicenceStatus="" firstName="Toru" name="Imamura-Cornuejols" participating="11111111111111111111" rank="6D" rating="2395" ratingOrigin="EGF" registeringStatus="FIN" smmsCorrection="0"/>
<Player agaExpirationDate="" agaId="" club="Ban" country="TH" egfPin="14798421" ffgLicence="" ffgLicenceStatus="" firstName="Thanapol" name="Tiawattananont" participating="11111111111111111111" rank="4D" rating="2380" ratingOrigin="EGF" registeringStatus="FIN" smmsCorrection="0"/>
<Player agaExpirationDate="" agaId="" club="Brai" country="RO" egfPin="12513754" ffgLicence="" ffgLicenceStatus="" firstName="Theodor" name="Toma" participating="11111111111111111111" rank="2D" rating="2176" ratingOrigin="EGF" registeringStatus="FIN" smmsCorrection="0"/>
<Player agaExpirationDate="" agaId="" club="" country="US" egfPin="" ffgLicence="" ffgLicenceStatus="" firstName="Philip" name="London" participating="11111111111111111111" rank="4D" rating="2400" ratingOrigin="INI" registeringStatus="FIN" smmsCorrection="0"/>
<Player agaExpirationDate="" agaId="" club="Amvn" country="NL" egfPin="10233861" ffgLicence="" ffgLicenceStatus="" firstName="Merlijn" name="Kuin" participating="11111111111111111111" rank="6D" rating="2549" ratingOrigin="EGF" registeringStatus="FIN" smmsCorrection="0"/>
<Player agaExpirationDate="" agaId="" club="Vink" country="NL" egfPin="13501356" ffgLicence="" ffgLicenceStatus="" firstName="Alexander" name="Eerbeek" participating="11111111111111111111" rank="5D" rating="2440" ratingOrigin="EGF" registeringStatus="FIN" smmsCorrection="0"/>
<Player agaExpirationDate="" agaId="" club="" country="CT" egfPin="" ffgLicence="" ffgLicenceStatus="" firstName="Hsin-Wei" name="Hung" participating="11111111111111111111" rank="7D" rating="2700" ratingOrigin="INI" registeringStatus="FIN" smmsCorrection="0"/>
<Player agaExpirationDate="" agaId="" club="Forl" country="IT" egfPin="12601853" ffgLicence="" ffgLicenceStatus="" firstName="Leonardo" name="Dal_Zovo" participating="11111111111111111111" rank="3K" rating="1848" ratingOrigin="EGF" registeringStatus="FIN" smmsCorrection="0"/>
<Player agaExpirationDate="" agaId="" club="16Kz" country="RU" egfPin="12013342" ffgLicence="" ffgLicenceStatus="" firstName="Ilja" name="Shikshin" participating="11111111111111111111" rank="7D" rating="2741" ratingOrigin="EGF" registeringStatus="FIN" smmsCorrection="0"/>
<Player agaExpirationDate="" agaId="" club="" country="HK" egfPin="" ffgLicence="" ffgLicenceStatus="" firstName="Chun Him" name="Leung" participating="11111111111111111111" rank="5D" rating="2500" ratingOrigin="INI" registeringStatus="FIN" smmsCorrection="0"/>
<Player agaExpirationDate="" agaId="" club="" country="CT" egfPin="" ffgLicence="" ffgLicenceStatus="" firstName="Nai-Fu" name="Kuo" participating="11111111111111111111" rank="7D" rating="2700" ratingOrigin="INI" registeringStatus="FIN" smmsCorrection="0"/>
<Player agaExpirationDate="" agaId="" club="" country="HK" egfPin="" ffgLicence="" ffgLicenceStatus="" firstName="Jia Rui" name="Zhao" participating="11111111111111111111" rank="5D" rating="2500" ratingOrigin="INI" registeringStatus="FIN" smmsCorrection="0"/>
<Player agaExpirationDate="" agaId="" club="Mont" country="FR" egfPin="15449269" ffgLicence="" ffgLicenceStatus="" firstName="Remi" name="Campagnie" participating="11111111111111111111" rank="5D" rating="2513" ratingOrigin="EGF" registeringStatus="FIN" smmsCorrection="0"/>
</Players>
<Games>
<Game blackPlayer="KUONAI-FU" handicap="0" knownColor="true" result="RESULT_BLACKWINS" roundNumber="1" tableNumber="1" whitePlayer="ZHANGLI"/>
<Game blackPlayer="LONDONPHILIP" handicap="0" knownColor="true" result="RESULT_WHITEWINS" roundNumber="1" tableNumber="2" whitePlayer="LAIYU-CHENG"/>
<Game blackPlayer="HUNGHSIN-WEI" handicap="0" knownColor="true" result="RESULT_BLACKWINS" roundNumber="1" tableNumber="3" whitePlayer="SHENJERRY"/>
<Game blackPlayer="NAKASONERIKI" handicap="0" knownColor="true" result="RESULT_BLACKWINS" roundNumber="1" tableNumber="4" whitePlayer="SUNHAO-SONG"/>
<Game blackPlayer="XUWEI" handicap="0" knownColor="true" result="RESULT_WHITEWINS" roundNumber="1" tableNumber="5" whitePlayer="NOGUCHIMOTOKI"/>
<Game blackPlayer="IMAMURA-CORNUEJOLSTORU" handicap="0" knownColor="true" result="RESULT_BLACKWINS" roundNumber="1" tableNumber="6" whitePlayer="BOFINGERDAVID"/>
<Game blackPlayer="TIAWATTANANONTTHANAPOL" handicap="0" knownColor="true" result="RESULT_WHITEWINS" roundNumber="1" tableNumber="7" whitePlayer="SHIKSHINILJA"/>
<Game blackPlayer="SURINDMITRIJ" handicap="0" knownColor="true" result="RESULT_WHITEWINS" roundNumber="1" tableNumber="8" whitePlayer="JAMKACHORNKIATKRIT"/>
<Game blackPlayer="WORANANSIRIBHIRASIDH" handicap="0" knownColor="true" result="RESULT_WHITEWINS" roundNumber="1" tableNumber="9" whitePlayer="MEZHOVOLEG"/>
<Game blackPlayer="KUINMERLIJN" handicap="0" knownColor="true" result="RESULT_BLACKWINS" roundNumber="1" tableNumber="10" whitePlayer="TOMAIULIAN"/>
<Game blackPlayer="LUCIANNICOLAIE" handicap="0" knownColor="true" result="RESULT_WHITEWINS" roundNumber="1" tableNumber="11" whitePlayer="GROENENGEERT"/>
<Game blackPlayer="EERBEEKALEXANDER" handicap="0" knownColor="true" result="RESULT_BLACKWINS" roundNumber="1" tableNumber="12" whitePlayer="TOMATHEODOR"/>
<Game blackPlayer="WOOHOYEUNG" handicap="0" knownColor="true" result="RESULT_BLACKWINS" roundNumber="1" tableNumber="13" whitePlayer="THIAGOSINJISHIMADARAMOS"/>
<Game blackPlayer="MATAYOSHIRONALD-YASUKI" handicap="0" knownColor="true" result="RESULT_WHITEWINS" roundNumber="1" tableNumber="14" whitePlayer="LEUNGCHUNHIM"/>
<Game blackPlayer="ZHAOJIARUI" handicap="0" knownColor="true" result="RESULT_BLACKWINS" roundNumber="1" tableNumber="15" whitePlayer="TRAZZIMICHAEL"/>
<Game blackPlayer="DAVISIAN" handicap="0" knownColor="true" result="RESULT_BLACKWINS" roundNumber="1" tableNumber="16" whitePlayer="COCKEMATTHEW"/>
<Game blackPlayer="WALESRORY" handicap="0" knownColor="true" result="RESULT_WHITEWINS" roundNumber="1" tableNumber="18" whitePlayer="HANCHONG"/>
<Game blackPlayer="WONGVANESSA" handicap="0" knownColor="true" result="RESULT_BLACKWINS" roundNumber="1" tableNumber="17" whitePlayer="HUTCHINSONJAMES"/>
<Game blackPlayer="FENECHANTOINE" handicap="0" knownColor="true" result="RESULT_BLACKWINS" roundNumber="1" tableNumber="20" whitePlayer="SABATOVINCENZO"/>
<Game blackPlayer="DAL_ZOVOLEONARDO" handicap="0" knownColor="true" result="RESULT_WHITEWINS" roundNumber="1" tableNumber="19" whitePlayer="CAMPAGNIEREMI"/>
<Game blackPlayer="SASSOLICESARE" handicap="0" knownColor="true" result="RESULT_WHITEWINS" roundNumber="1" tableNumber="21" whitePlayer="LE_CALVETANGUY"/>
<Game blackPlayer="LEUNGCHUNHIM" handicap="0" knownColor="true" result="RESULT_WHITEWINS" roundNumber="2" tableNumber="11" whitePlayer="XUWEI"/>
<Game blackPlayer="BOFINGERDAVID" handicap="0" knownColor="true" result="RESULT_WHITEWINS" roundNumber="2" tableNumber="12" whitePlayer="TANGCHAU-FAAT"/>
<Game blackPlayer="HANCHONG" handicap="0" knownColor="true" result="RESULT_BLACKWINS" roundNumber="2" tableNumber="9" whitePlayer="EERBEEKALEXANDER"/>
<Game blackPlayer="SUNHAO-SONG" handicap="0" knownColor="true" result="RESULT_BLACKWINS" roundNumber="2" tableNumber="10" whitePlayer="WOOHOYEUNG"/>
<Game blackPlayer="TOMATHEODOR" handicap="0" knownColor="true" result="RESULT_BLACKWINS" roundNumber="2" tableNumber="15" whitePlayer="WALESRORY"/>
<Game blackPlayer="THIAGOSINJISHIMADARAMOS" handicap="0" knownColor="true" result="RESULT_WHITEWINS" roundNumber="2" tableNumber="16" whitePlayer="TIAWATTANANONTTHANAPOL"/>
<Game blackPlayer="TOMAIULIAN" handicap="0" knownColor="true" result="RESULT_WHITEWINS" roundNumber="2" tableNumber="13" whitePlayer="DAVISIAN"/>
<Game blackPlayer="HUTCHINSONJAMES" handicap="0" knownColor="true" result="RESULT_WHITEWINS" roundNumber="2" tableNumber="14" whitePlayer="LUCIANNICOLAIE"/>
<Game blackPlayer="ZHANGLI" handicap="0" knownColor="true" result="RESULT_BLACKWINS" roundNumber="2" tableNumber="19" whitePlayer="DAL_ZOVOLEONARDO"/>
<Game blackPlayer="SABATOVINCENZO" handicap="0" knownColor="true" result="RESULT_WHITEWINS" roundNumber="2" tableNumber="20" whitePlayer="LONDONPHILIP"/>
<Game blackPlayer="JAMKACHORNKIATKRIT" handicap="0" knownColor="true" result="RESULT_BLACKWINS" roundNumber="2" tableNumber="17" whitePlayer="MATAYOSHIRONALD-YASUKI"/>
<Game blackPlayer="TRAZZIMICHAEL" handicap="0" knownColor="true" result="RESULT_WHITEWINS" roundNumber="2" tableNumber="18" whitePlayer="WORANANSIRIBHIRASIDH"/>
<Game blackPlayer="SHENJERRY" handicap="0" knownColor="true" result="RESULT_BLACKWINS" roundNumber="2" tableNumber="21" whitePlayer="SASSOLICESARE"/>
<Game blackPlayer="TRAZZIMICHAEL" handicap="0" knownColor="true" result="RESULT_BLACKWINS" roundNumber="4" tableNumber="21" whitePlayer="SASSOLICESARE"/>
<Game blackPlayer="SABATOVINCENZO" handicap="0" knownColor="true" result="RESULT_WHITEWINS" roundNumber="4" tableNumber="20" whitePlayer="MATAYOSHIRONALD-YASUKI"/>
<Game blackPlayer="THIAGOSINJISHIMADARAMOS" handicap="0" knownColor="true" result="RESULT_BLACKWINS" roundNumber="4" tableNumber="19" whitePlayer="DAL_ZOVOLEONARDO"/>
<Game blackPlayer="SHENJERRY" handicap="0" knownColor="true" result="RESULT_BLACKWINS" roundNumber="4" tableNumber="18" whitePlayer="TOMATHEODOR"/>
<Game blackPlayer="LUCIANNICOLAIE" handicap="0" knownColor="true" result="RESULT_BLACKWINS" roundNumber="4" tableNumber="17" whitePlayer="LONDONPHILIP"/>
<Game blackPlayer="ZHANGLI" handicap="0" knownColor="true" result="RESULT_BLACKWINS" roundNumber="4" tableNumber="16" whitePlayer="TOMAIULIAN"/>
<Game blackPlayer="WALESRORY" handicap="0" knownColor="true" result="RESULT_WHITEWINS" roundNumber="4" tableNumber="15" whitePlayer="BOFINGERDAVID"/>
<Game blackPlayer="XUWEI" handicap="0" knownColor="true" result="RESULT_BLACKWINS" roundNumber="4" tableNumber="14" whitePlayer="HUTCHINSONJAMES"/>
<Game blackPlayer="DAVISIAN" handicap="0" knownColor="true" result="RESULT_WHITEWINS" roundNumber="4" tableNumber="13" whitePlayer="SUNHAO-SONG"/>
<Game blackPlayer="LE_CALVETANGUY" handicap="0" knownColor="true" result="RESULT_BLACKWINS" roundNumber="4" tableNumber="12" whitePlayer="EERBEEKALEXANDER"/>
<Game blackPlayer="GROENENGEERT" handicap="0" knownColor="true" result="RESULT_WHITEWINS" roundNumber="4" tableNumber="11" whitePlayer="FENECHANTOINE"/>
<Game blackPlayer="CAMPAGNIEREMI" handicap="0" knownColor="true" result="RESULT_BLACKWINS" roundNumber="4" tableNumber="10" whitePlayer="KUINMERLIJN"/>
<Game blackPlayer="HANCHONG" handicap="0" knownColor="true" result="RESULT_BLACKWINS" roundNumber="4" tableNumber="9" whitePlayer="IMAMURA-CORNUEJOLSTORU"/>
<Game blackPlayer="COCKEMATTHEW" handicap="0" knownColor="true" result="RESULT_WHITEWINS" roundNumber="4" tableNumber="7" whitePlayer="NAKASONERIKI"/>
<Game blackPlayer="NOGUCHIMOTOKI" handicap="0" knownColor="true" result="RESULT_BLACKWINS" roundNumber="4" tableNumber="8" whitePlayer="WONGVANESSA"/>
<Game blackPlayer="LEUNGCHUNHIM" handicap="0" knownColor="true" result="RESULT_BLACKWINS" roundNumber="4" tableNumber="5" whitePlayer="SURINDMITRIJ"/>
<Game blackPlayer="MEZHOVOLEG" handicap="0" knownColor="true" result="RESULT_BLACKWINS" roundNumber="4" tableNumber="6" whitePlayer="TANGCHAU-FAAT"/>
<Game blackPlayer="WORANANSIRIBHIRASIDH" handicap="0" knownColor="true" result="RESULT_WHITEWINS" roundNumber="4" tableNumber="3" whitePlayer="HUNGHSIN-WEI"/>
<Game blackPlayer="SHIKSHINILJA" handicap="0" knownColor="true" result="RESULT_BLACKWINS" roundNumber="4" tableNumber="4" whitePlayer="WOOHOYEUNG"/>
<Game blackPlayer="TIAWATTANANONTTHANAPOL" handicap="0" knownColor="true" result="RESULT_WHITEWINS" roundNumber="4" tableNumber="1" whitePlayer="KUONAI-FU"/>
<Game blackPlayer="LAIYU-CHENG" handicap="0" knownColor="true" result="RESULT_BLACKWINS" roundNumber="4" tableNumber="2" whitePlayer="JAMKACHORNKIATKRIT"/>
<Game blackPlayer="LAIYU-CHENG" handicap="0" knownColor="true" result="RESULT_BLACKWINS" roundNumber="2" tableNumber="2" whitePlayer="FENECHANTOINE"/>
<Game blackPlayer="CAMPAGNIEREMI" handicap="0" knownColor="true" result="RESULT_WHITEWINS" roundNumber="2" tableNumber="1" whitePlayer="KUONAI-FU"/>
<Game blackPlayer="SHIKSHINILJA" handicap="0" knownColor="true" result="RESULT_BLACKWINS" roundNumber="2" tableNumber="4" whitePlayer="NAKASONERIKI"/>
<Game blackPlayer="LE_CALVETANGUY" handicap="0" knownColor="true" result="RESULT_WHITEWINS" roundNumber="2" tableNumber="3" whitePlayer="HUNGHSIN-WEI"/>
<Game blackPlayer="MEZHOVOLEG" handicap="0" knownColor="true" result="RESULT_WHITEWINS" roundNumber="2" tableNumber="6" whitePlayer="IMAMURA-CORNUEJOLSTORU"/>
<Game blackPlayer="NOGUCHIMOTOKI" handicap="0" knownColor="true" result="RESULT_BLACKWINS" roundNumber="2" tableNumber="5" whitePlayer="SURINDMITRIJ"/>
<Game blackPlayer="GROENENGEERT" handicap="0" knownColor="true" result="RESULT_WHITEWINS" roundNumber="2" tableNumber="8" whitePlayer="WONGVANESSA"/>
<Game blackPlayer="COCKEMATTHEW" handicap="0" knownColor="true" result="RESULT_BLACKWINS" roundNumber="2" tableNumber="7" whitePlayer="KUINMERLIJN"/>
<Game blackPlayer="SASSOLICESARE" handicap="0" knownColor="true" result="RESULT_WHITEWINS_BYDEF" roundNumber="3" tableNumber="21" whitePlayer="WALESRORY"/>
<Game blackPlayer="EERBEEKALEXANDER" handicap="0" knownColor="true" result="RESULT_BLACKWINS" roundNumber="3" tableNumber="18" whitePlayer="TRAZZIMICHAEL"/>
<Game blackPlayer="MATAYOSHIRONALD-YASUKI" handicap="0" knownColor="true" result="RESULT_WHITEWINS" roundNumber="3" tableNumber="17" whitePlayer="GROENENGEERT"/>
<Game blackPlayer="HUTCHINSONJAMES" handicap="0" knownColor="true" result="RESULT_BLACKWINS_BYDEF" roundNumber="3" tableNumber="20" whitePlayer="SABATOVINCENZO"/>
<Game blackPlayer="DAL_ZOVOLEONARDO" handicap="0" knownColor="true" result="RESULT_WHITEWINS_BYDEF" roundNumber="3" tableNumber="19" whitePlayer="DAVISIAN"/>
<Game blackPlayer="FENECHANTOINE" handicap="0" knownColor="true" result="RESULT_WHITEWINS" roundNumber="5" tableNumber="5" whitePlayer="SURINDMITRIJ"/>
<Game blackPlayer="MEZHOVOLEG" handicap="0" knownColor="true" result="RESULT_WHITEWINS" roundNumber="5" tableNumber="6" whitePlayer="LE_CALVETANGUY"/>
<Game blackPlayer="WOOHOYEUNG" handicap="0" knownColor="true" result="RESULT_BLACKWINS" roundNumber="5" tableNumber="7" whitePlayer="ZHANGLI"/>
<Game blackPlayer="LONDONPHILIP" handicap="0" knownColor="true" result="RESULT_WHITEWINS" roundNumber="5" tableNumber="8" whitePlayer="LEUNGCHUNHIM"/>
<Game blackPlayer="KUONAI-FU" handicap="0" knownColor="true" result="RESULT_BLACKWINS" roundNumber="5" tableNumber="1" whitePlayer="NAKASONERIKI"/>
<Game blackPlayer="NOGUCHIMOTOKI" handicap="0" knownColor="true" result="RESULT_WHITEWINS" roundNumber="5" tableNumber="2" whitePlayer="LAIYU-CHENG"/>
<Game blackPlayer="HUNGHSIN-WEI" handicap="0" knownColor="true" result="RESULT_BLACKWINS" roundNumber="5" tableNumber="3" whitePlayer="IMAMURA-CORNUEJOLSTORU"/>
<Game blackPlayer="SHIKSHINILJA" handicap="0" knownColor="true" result="RESULT_BLACKWINS" roundNumber="5" tableNumber="4" whitePlayer="CAMPAGNIEREMI"/>
<Game blackPlayer="SUNHAO-SONG" handicap="0" knownColor="true" result="RESULT_BLACKWINS" roundNumber="5" tableNumber="13" whitePlayer="COCKEMATTHEW"/>
<Game blackPlayer="WONGVANESSA" handicap="0" knownColor="true" result="RESULT_BLACKWINS" roundNumber="5" tableNumber="14" whitePlayer="XUWEI"/>
<Game blackPlayer="BOFINGERDAVID" handicap="0" knownColor="true" result="RESULT_WHITEWINS" roundNumber="5" tableNumber="15" whitePlayer="HANCHONG"/>
<Game blackPlayer="DAVISIAN" handicap="0" knownColor="true" result="RESULT_BLACKWINS" roundNumber="5" tableNumber="16" whitePlayer="THIAGOSINJISHIMADARAMOS"/>
<Game blackPlayer="ZHAOJIARUI" handicap="0" knownColor="true" result="RESULT_BLACKWINS" roundNumber="5" tableNumber="9" whitePlayer="SHENJERRY"/>
<Game blackPlayer="KUINMERLIJN" handicap="0" knownColor="true" result="RESULT_BLACKWINS" roundNumber="5" tableNumber="10" whitePlayer="TIAWATTANANONTTHANAPOL"/>
<Game blackPlayer="JAMKACHORNKIATKRIT" handicap="0" knownColor="true" result="RESULT_BLACKWINS" roundNumber="5" tableNumber="11" whitePlayer="GROENENGEERT"/>
<Game blackPlayer="EERBEEKALEXANDER" handicap="0" knownColor="true" result="RESULT_BLACKWINS" roundNumber="5" tableNumber="12" whitePlayer="WORANANSIRIBHIRASIDH"/>
<Game blackPlayer="HUNGHSIN-WEI" handicap="0" knownColor="true" result="RESULT_BLACKWINS" roundNumber="3" tableNumber="3" whitePlayer="HANCHONG"/>
<Game blackPlayer="TOMATHEODOR" handicap="0" knownColor="true" result="RESULT_BLACKWINS" roundNumber="5" tableNumber="21" whitePlayer="SASSOLICESARE"/>
<Game blackPlayer="NAKASONERIKI" handicap="0" knownColor="true" result="RESULT_WHITEWINS" roundNumber="3" tableNumber="4" whitePlayer="CAMPAGNIEREMI"/>
<Game blackPlayer="KUONAI-FU" handicap="0" knownColor="true" result="RESULT_BLACKWINS" roundNumber="3" tableNumber="1" whitePlayer="COCKEMATTHEW"/>
<Game blackPlayer="WONGVANESSA" handicap="0" knownColor="true" result="RESULT_WHITEWINS" roundNumber="3" tableNumber="2" whitePlayer="LAIYU-CHENG"/>
<Game blackPlayer="WALESRORY" handicap="0" knownColor="true" result="RESULT_BLACKWINS" roundNumber="5" tableNumber="18" whitePlayer="TRAZZIMICHAEL"/>
<Game blackPlayer="TIAWATTANANONTTHANAPOL" handicap="0" knownColor="true" result="RESULT_WHITEWINS" roundNumber="3" tableNumber="7" whitePlayer="ZHANGLI"/>
<Game blackPlayer="MATAYOSHIRONALD-YASUKI" handicap="0" knownColor="true" result="RESULT_BLACKWINS" roundNumber="5" tableNumber="17" whitePlayer="HUTCHINSONJAMES"/>
<Game blackPlayer="LONDONPHILIP" handicap="0" knownColor="true" result="RESULT_WHITEWINS" roundNumber="3" tableNumber="8" whitePlayer="JAMKACHORNKIATKRIT"/>
<Game blackPlayer="SABATOVINCENZO" handicap="0" knownColor="true" result="RESULT_WHITEWINS" roundNumber="5" tableNumber="20" whitePlayer="LUCIANNICOLAIE"/>
<Game blackPlayer="FENECHANTOINE" handicap="0" knownColor="true" result="RESULT_WHITEWINS" roundNumber="3" tableNumber="5" whitePlayer="NOGUCHIMOTOKI"/>
<Game blackPlayer="TOMAIULIAN" handicap="0" knownColor="true" result="RESULT_BLACKWINS" roundNumber="5" tableNumber="19" whitePlayer="DAL_ZOVOLEONARDO"/>
<Game blackPlayer="IMAMURA-CORNUEJOLSTORU" handicap="0" knownColor="true" result="RESULT_WHITEWINS" roundNumber="3" tableNumber="6" whitePlayer="LE_CALVETANGUY"/>
<Game blackPlayer="LEUNGCHUNHIM" handicap="0" knownColor="true" result="RESULT_WHITEWINS" roundNumber="3" tableNumber="11" whitePlayer="LUCIANNICOLAIE"/>
<Game blackPlayer="TOMATHEODOR" handicap="0" knownColor="true" result="RESULT_WHITEWINS" roundNumber="3" tableNumber="12" whitePlayer="TANGCHAU-FAAT"/>
<Game blackPlayer="WORANANSIRIBHIRASIDH" handicap="0" knownColor="true" result="RESULT_BLACKWINS" roundNumber="3" tableNumber="9" whitePlayer="SHENJERRY"/>
<Game blackPlayer="TOMAIULIAN" handicap="0" knownColor="true" result="RESULT_WHITEWINS" roundNumber="3" tableNumber="10" whitePlayer="WOOHOYEUNG"/>
<Game blackPlayer="BOFINGERDAVID" handicap="0" knownColor="true" result="RESULT_WHITEWINS" roundNumber="3" tableNumber="15" whitePlayer="MEZHOVOLEG"/>
<Game blackPlayer="KUINMERLIJN" handicap="0" knownColor="true" result="RESULT_BLACKWINS" roundNumber="3" tableNumber="16" whitePlayer="THIAGOSINJISHIMADARAMOS"/>
<Game blackPlayer="SUNHAO-SONG" handicap="0" knownColor="true" result="RESULT_WHITEWINS" roundNumber="3" tableNumber="13" whitePlayer="SHIKSHINILJA"/>
<Game blackPlayer="SURINDMITRIJ" handicap="0" knownColor="true" result="RESULT_BLACKWINS" roundNumber="3" tableNumber="14" whitePlayer="XUWEI"/>
</Games>
<Teams>
<Team teamName="Italy 1" teamNumber="14">
<Board boardNumber="1" player="DAL_ZOVOLEONARDO"/>
<Board boardNumber="2" player="SABATOVINCENZO"/>
<Board boardNumber="3" player="SASSOLICESARE"/>
</Team>
<Team teamName="France 1" teamNumber="7">
<Board boardNumber="1" player="CAMPAGNIEREMI"/>
<Board boardNumber="2" player="FENECHANTOINE"/>
<Board boardNumber="3" player="LE_CALVETANGUY"/>
</Team>
<Team teamName="Thailand" teamNumber="10">
<Board boardNumber="1" player="TIAWATTANANONTTHANAPOL"/>
<Board boardNumber="2" player="JAMKACHORNKIATKRIT"/>
<Board boardNumber="3" player="WORANANSIRIBHIRASIDH"/>
</Team>
<Team teamName="Hong Kong 1" teamNumber="5">
<Board boardNumber="1" player="WOOHOYEUNG"/>
<Board boardNumber="2" player="LEUNGCHUNHIM"/>
<Board boardNumber="3" player="TANGCHAU-FAAT"/>
</Team>
<Team teamName="Japan 1" teamNumber="3">
<Board boardNumber="1" player="NAKASONERIKI"/>
<Board boardNumber="2" player="NOGUCHIMOTOKI"/>
<Board boardNumber="3" player="IMAMURA-CORNUEJOLSTORU"/>
</Team>
<Team teamName="Ireland" teamNumber="13">
<Board boardNumber="1" player="DAVISIAN"/>
<Board boardNumber="2" player="HUTCHINSONJAMES"/>
<Board boardNumber="3" player="WALESRORY"/>
</Team>
<Team teamName="UK 1" teamNumber="6">
<Board boardNumber="1" player="COCKEMATTHEW"/>
<Board boardNumber="2" player="WONGVANESSA"/>
<Board boardNumber="3" player="HANCHONG"/>
</Team>
<Team teamName="USA 2" teamNumber="8">
<Board boardNumber="1" player="ZHANGLI"/>
<Board boardNumber="2" player="LONDONPHILIP"/>
<Board boardNumber="3" player="SHENJERRY"/>
</Team>
<Team teamName="Romania 1" teamNumber="11">
<Board boardNumber="1" player="TOMAIULIAN"/>
<Board boardNumber="2" player="LUCIANNICOLAIE"/>
<Board boardNumber="3" player="TOMATHEODOR"/>
</Team>
<Team teamName="Chinese Taipei 1" teamNumber="1">
<Board boardNumber="1" player="KUONAI-FU"/>
<Board boardNumber="2" player="LAIYU-CHENG"/>
<Board boardNumber="3" player="HUNGHSIN-WEI"/>
</Team>
<Team teamName="Brazil" teamNumber="12">
<Board boardNumber="1" player="THIAGOSINJISHIMADARAMOS"/>
<Board boardNumber="2" player="MATAYOSHIRONALD-YASUKI"/>
<Board boardNumber="3" player="TRAZZIMICHAEL"/>
</Team>
<Team teamName="Netherlands 1" teamNumber="4">
<Board boardNumber="1" player="KUINMERLIJN"/>
<Board boardNumber="2" player="GROENENGEERT"/>
<Board boardNumber="3" player="EERBEEKALEXANDER"/>
</Team>
<Team teamName="Australia" teamNumber="9">
<Board boardNumber="1" player="SUNHAO-SONG"/>
<Board boardNumber="2" player="XUWEI"/>
<Board boardNumber="3" player="BOFINGERDAVID"/>
</Team>
<Team teamName="Russia" teamNumber="2">
<Board boardNumber="1" player="SHIKSHINILJA"/>
<Board boardNumber="2" player="SURINDMITRIJ"/>
<Board boardNumber="3" player="MEZHOVOLEG"/>
</Team>
</Teams>
<TournamentParameterSet>
<GeneralParameterSet basicTime="60" beginDate="2012-08-17" canByoYomiTime="300" complementaryTimeSystem="STDBYOYOMI" director="" endDate="2012-08-18" fischerTime="10" genMMBar="9D" genMMFloor="30K" genMMS2ValueAbsent="1" genMMS2ValueBye="2" genNBW2ValueAbsent="0" genNBW2ValueBye="2" genRoundDownNBWMMS="true" komi="6.5" location="Lille, France" name="Team Tournament WMSG 2012, Group B" nbMovesCanTime="15" numberOfCategories="1" numberOfRounds="5" shortName="teamwmsg2012B_final" size="19" stdByoYomiTime="20"/>
<HandicapParameterSet hdBasedOnMMS="false" hdCeiling="0" hdCorrection="0" hdNoHdRankThreshold="30K"/>
<PlacementParameterSet>
<PlacementCriteria>
<PlacementCriterion name="NBW" number="1"/>
<PlacementCriterion name="SOSW" number="2"/>
<PlacementCriterion name="SOSOSW" number="3"/>
<PlacementCriterion name="NULL" number="4"/>
<PlacementCriterion name="NULL" number="5"/>
<PlacementCriterion name="NULL" number="6"/>
</PlacementCriteria>
</PlacementParameterSet>
<PairingParameterSet paiBaAvoidDuplGame="500000000000000" paiBaBalanceWB="1000000" paiBaDeterministic="true" paiBaRandom="0" paiMaAdditionalPlacementCritSystem1="Rating" paiMaAdditionalPlacementCritSystem2="Rating" paiMaAvoidMixingCategories="0" paiMaDUDDLowerMode="MID" paiMaDUDDUpperMode="MID" paiMaDUDDWeight="100000000" paiMaLastRoundForSeedSystem1="2" paiMaMaximizeSeeding="5000000" paiMaMinimizeScoreDifference="100000000000" paiMaSeedSystem1="SPLITANDSLIP" paiSeAvoidSameGeo="0" paiSeDefSecCrit="20000000000000" paiSeMinimizeHandicap="0" paiSeNbWinsThresholdActive="true" paiSePreferMMSDiffRatherThanSameClub="0" paiSePreferMMSDiffRatherThanSameCountry="0" paiSeRankThreshold="8D" paiStandardNX1Factor="0.5"/>
</TournamentParameterSet>
<TeamTournamentParameterSet>
<TeamGeneralParameterSet teamSize="3"/>
<TeamPlacementParameterSet>
<PlacementCriteria>
<PlacementCriterion name="TEAMP" number="1"/>
<PlacementCriterion name="BDW" number="2"/>
<PlacementCriterion name="SOST" number="3"/>
<PlacementCriterion name="BDW2U" number="4"/>
<PlacementCriterion name="BDW1U" number="5"/>
<PlacementCriterion name="NULL" number="6"/>
</PlacementCriteria>
</TeamPlacementParameterSet>
</TeamTournamentParameterSet>
</Tournament>
