<?xml version="1.0" encoding="UTF-8" standalone="no"?>
<Tournament dataVersion="201">
<Players>
<Player agaExpirationDate="" agaId="" club="" country="CT" egfPin="" ffgLicence="" ffgLicenceStatus="" firstName="Yu-Cheng" name="Lai" participating="11111111111111111111" rank="7D" rating="2700" ratingOrigin="INI" registeringStatus="FIN" smmsCorrection="0"/>
<Player agaExpirationDate="" agaId="" club="78SP" country="RU" egfPin="10825254" ffgLicence="" ffgLicenceStatus="" firstName="Dmitrij" name="Surin" participating="11111111111111111111" rank="6D" rating="2562" ratingOrigin="EGF" registeringStatus="FIN" smmsCorrection="0"/>
<Player agaExpirationDate="" agaId="" club="" country="SG" egfPin="" ffgLicence="" ffgLicenceStatus="" firstName="Xiang" name="Zhang" participating="11111111111111111111" rank="6D" rating="2600" ratingOrigin="INI" registeringStatus="FIN" smmsCorrection="0"/>
<Player agaExpirationDate="" agaId="" club="" country="SG" egfPin="" ffgLicence="" ffgLicenceStatus="" firstName="Jie Hui" name="Kwa" participating="11111111111111111111" rank="4D" rating="2400" ratingOrigin="INI" registeringStatus="FIN" smmsCorrection="0"/>
<Player agaExpirationDate="" agaId="" club="" country="SG" egfPin="" ffgLicence="" ffgLicenceStatus="" firstName="Jia Cheng" name="Tan" participating="11111111111111111111" rank="6D" rating="2600" ratingOrigin="INI" registeringStatus="FIN" smmsCorrection="0"/>
<Player agaExpirationDate="" agaId="" club="" country="CT" egfPin="" ffgLicence="" ffgLicenceStatus="" firstName="Hao-Hung" name="Hsu" participating="11111111111111111111" rank="7D" rating="2700" ratingOrigin="INI" registeringStatus="FIN" smmsCorrection="0"/>
<Player agaExpirationDate="" agaId="" club="77Mo" country="RU" egfPin="10837068" ffgLicence="" ffgLicenceStatus="" firstName="Oleg" name="Mezhov" participating="11111111111111111111" rank="6D" rating="2562" ratingOrigin="EGF" registeringStatus="FIN" smmsCorrection="0"/>
<Player agaExpirationDate="" agaId="" club="" country="CT" egfPin="" ffgLicence="" ffgLicenceStatus="" firstName="Hsin-Wei" name="Hung" participating="11111111111111111111" rank="7D" rating="2700" ratingOrigin="INI" registeringStatus="FIN" smmsCorrection="0"/>
<Player agaExpirationDate="" agaId="" club="16Kz" country="RU" egfPin="12013342" ffgLicence="" ffgLicenceStatus="" firstName="Ilja" name="Shikshin" participating="11111111111111111111" rank="7D" rating="2741" ratingOrigin="EGF" registeringStatus="FIN" smmsCorrection="0"/>
<Player agaExpirationDate="" agaId="" club="" country="SG" egfPin="" ffgLicence="" ffgLicenceStatus="" firstName="Jun Zhe Malcus" name="Poh" participating="11111111111111111111" rank="6D" rating="2600" ratingOrigin="INI" registeringStatus="FIN" smmsCorrection="0"/>
<Player agaExpirationDate="" agaId="" club="" country="CT" egfPin="" ffgLicence="" ffgLicenceStatus="" firstName="Nai-Fu" name="Kuo" participating="11111111111111111111" rank="7D" rating="2700" ratingOrigin="INI" registeringStatus="FIN" smmsCorrection="0"/>
<Player agaExpirationDate="" agaId="" club="" country="CT" egfPin="" ffgLicence="" ffgLicenceStatus="" firstName="Sheng-Chieh" name="Lo" participating="11111111111111111111" rank="7D" rating="2700" ratingOrigin="INI" registeringStatus="FIN" smmsCorrection="0"/>
<Player agaExpirationDate="" agaId="" club="" country="CT" egfPin="" ffgLicence="" ffgLicenceStatus="" firstName="Cheng-Wei" name="Tsai" participating="11111111111111111111" rank="7D" rating="2700" ratingOrigin="INI" registeringStatus="FIN" smmsCorrection="0"/>
</Players>
<Games>
<Game blackPlayer="LOSHENG-CHIEH" handicap="0" knownColor="true" result="RESULT_BLACKWINS" roundNumber="1" tableNumber="1" whitePlayer="SHIKSHINILJA"/>
<Game blackPlayer="SURINDMITRIJ" handicap="0" knownColor="true" result="RESULT_BLACKWINS" roundNumber="1" tableNumber="2" whitePlayer="HSUHAO-HUNG"/>
<Game blackPlayer="TSAICHENG-WEI" handicap="0" knownColor="true" result="RESULT_BLACKWINS" roundNumber="1" tableNumber="3" whitePlayer="MEZHOVOLEG"/>
<Game blackPlayer="TANJIACHENG" handicap="0" knownColor="true" result="RESULT_WHITEWINS" roundNumber="1" tableNumber="4" whitePlayer="KUONAI-FU"/>
<Game blackPlayer="LAIYU-CHENG" handicap="0" knownColor="true" result="RESULT_BLACKWINS" roundNumber="1" tableNumber="5" whitePlayer="ZHANGXIANG"/>
<Game blackPlayer="POHJUNZHEMALCUS" handicap="0" knownColor="true" result="RESULT_WHITEWINS" roundNumber="1" tableNumber="6" whitePlayer="HUNGHSIN-WEI"/>
<Game blackPlayer="ZHANGXIANG" handicap="0" knownColor="true" result="RESULT_BLACKWINS" roundNumber="2" tableNumber="2" whitePlayer="SURINDMITRIJ"/>
<Game blackPlayer="SHIKSHINILJA" handicap="0" knownColor="true" result="RESULT_BLACKWINS" roundNumber="2" tableNumber="1" whitePlayer="TANJIACHENG"/>
<Game blackPlayer="KUONAI-FU" handicap="0" knownColor="true" result="RESULT_WHITEWINS" roundNumber="2" tableNumber="4" whitePlayer="LOSHENG-CHIEH"/>
<Game blackPlayer="MEZHOVOLEG" handicap="0" knownColor="true" result="RESULT_WHITEWINS" roundNumber="2" tableNumber="3" whitePlayer="KWAJIEHUI"/>
<Game blackPlayer="HUNGHSIN-WEI" handicap="0" knownColor="true" result="RESULT_BLACKWINS" roundNumber="2" tableNumber="6" whitePlayer="TSAICHENG-WEI"/>
<Game blackPlayer="HSUHAO-HUNG" handicap="0" knownColor="true" result="RESULT_WHITEWINS" roundNumber="2" tableNumber="5" whitePlayer="LAIYU-CHENG"/>
</Games>
<Teams>
<Team teamName="Chinese Taipei 2" teamNumber="1">
<Board boardNumber="1" player="LOSHENG-CHIEH"/>
<Board boardNumber="2" player="HSUHAO-HUNG"/>
<Board boardNumber="3" player="TSAICHENG-WEI"/>
</Team>
<Team teamName="Chinese Taipei 1" teamNumber="2">
<Board boardNumber="1" player="KUONAI-FU"/>
<Board boardNumber="2" player="LAIYU-CHENG"/>
<Board boardNumber="3" player="HUNGHSIN-WEI"/>
</Team>
<Team teamName="Singapore" teamNumber="4">
<Board boardNumber="1" player="TANJIACHENG"/>
<Board boardNumber="2" player="ZHANGXIANG"/>
<Board boardNumber="3" player="POHJUNZHEMALCUS"/>
</Team>
<Team teamName="Russia" teamNumber="3">
<Board boardNumber="1" player="SHIKSHINILJA"/>
<Board boardNumber="2" player="SURINDMITRIJ"/>
<Board boardNumber="3" player="MEZHOVOLEG"/>
</Team>
</Teams>
<TournamentParameterSet>
<GeneralParameterSet basicTime="60" beginDate="2012-08-19" canByoYomiTime="300" complementaryTimeSystem="STDBYOYOMI" director="" endDate="2012-08-19" fischerTime="10" genMMBar="9D" genMMFloor="30K" genMMS2ValueAbsent="1" genMMS2ValueBye="2" genNBW2ValueAbsent="0" genNBW2ValueBye="2" genRoundDownNBWMMS="true" komi="6.5" location="Lille" name="Team, Wmsg, semifinals, final" nbMovesCanTime="15" numberOfCategories="1" numberOfRounds="2" shortName="wmsg2012sf_final" size="19" stdByoYomiTime="20"/>
<HandicapParameterSet hdBasedOnMMS="false" hdCeiling="0" hdCorrection="0" hdNoHdRankThreshold="30K"/>
<PlacementParameterSet>
<PlacementCriteria>
<PlacementCriterion name="NBW" number="1"/>
<PlacementCriterion name="SOSW" number="2"/>
<PlacementCriterion name="SOSOSW" number="3"/>
<PlacementCriterion name="NULL" number="4"/>
<PlacementCriterion name="NULL" number="5"/>
<PlacementCriterion name="NULL" number="6"/>
</PlacementCriteria>
</PlacementParameterSet>
<PairingParameterSet paiBaAvoidDuplGame="500000000000000" paiBaBalanceWB="1000000" paiBaDeterministic="true" paiBaRandom="0" paiMaAdditionalPlacementCritSystem1="Rating" paiMaAdditionalPlacementCritSystem2="Rating" paiMaAvoidMixingCategories="0" paiMaDUDDLowerMode="MID" paiMaDUDDUpperMode="MID" paiMaDUDDWeight="100000000" paiMaLastRoundForSeedSystem1="2" paiMaMaximizeSeeding="5000000" paiMaMinimizeScoreDifference="100000000000" paiMaSeedSystem1="SPLITANDSLIP" paiSeAvoidSameGeo="0" paiSeDefSecCrit="20000000000000" paiSeMinimizeHandicap="0" paiSeNbWinsThresholdActive="true" paiSePreferMMSDiffRatherThanSameClub="0" paiSePreferMMSDiffRatherThanSameCountry="0" paiSeRankThreshold="30K" paiStandardNX1Factor="0.5"/>
</TournamentParameterSet>
<TeamTournamentParameterSet>
<TeamGeneralParameterSet teamSize="3"/>
<TeamPlacementParameterSet>
<PlacementCriteria>
<PlacementCriterion name="TEAMP" number="1"/>
<PlacementCriterion name="BDW" number="2"/>
<PlacementCriterion name="BDW2U" number="3"/>
<PlacementCriterion name="BDW1U" number="4"/>
<PlacementCriterion name="NULL" number="5"/>
<PlacementCriterion name="NULL" number="6"/>
</PlacementCriteria>
</TeamPlacementParameterSet>
</TeamTournamentParameterSet>
</Tournament>
