<?xml version="1.0" encoding="UTF-8" standalone="no"?>
<!DOCTYPE Tournament SYSTEM "tournament.dtd">
<Tournament dataVersion="201">
<Players>
<Player agaId="99997" club="" country="JP" egfPin="" ffgLicence="" firstName="敬吾" name="山下" participating="11111111111111111111" rank="9D" rating="2900" ratingOrigin="INI" registeringStatus="FIN" smmsCorrection="0"/>
<Player agaId="99999" club="" country="CN" egfPin="" ffgLicence="" firstName="杰" name="孔" participating="11111111111111111111" rank="9D" rating="2900" ratingOrigin="INI" registeringStatus="FIN" smmsCorrection="0"/>
<Player agaId="" club="35Re" country="" egfPin="" ffgLicence="9643011" firstName="Rémi" name="Vannier" participating="11111111111111111111" rank="1D" rating="2104" ratingOrigin="FFG" registeringStatus="FIN" smmsCorrection="0"/>
<Player agaId="99998" club="" country="IL" egfPin="" ffgLicence="" firstName="עלי" name="עלי ג'ברין" participating="11111111111111111111" rank="5D" rating="2550" ratingOrigin="EGF" registeringStatus="FIN" smmsCorrection="0"/>
<Player agaId="99991" club="Łódź" country="PL" egfPin="" ffgLicence="" firstName="Łódź" name="Poznań" participating="11111111111111111111" rank="30K" rating="-900" ratingOrigin="INI" registeringStatus="FIN" smmsCorrection="0"/>
<Player agaId="99996" club="" country="KR" egfPin="" ffgLicence="" firstName="세돌" name="이" participating="11111111111111111111" rank="9D" rating="2900" ratingOrigin="INI" registeringStatus="FIN" smmsCorrection="0"/>
<Player agaId="99995" club="xxx" country="MA" egfPin="" ffgLicence="" firstName="حاتم" name="عراقي" participating="11111111111111111111" rank="2D" rating="2160" ratingOrigin="EGF" registeringStatus="FIN" smmsCorrection="0"/>
<Player agaId="99993" club="" country="RU" egfPin="" ffgLicence="" firstName="Петров" name="Пётр" participating="11111111111111111111" rank="1K" rating="2000" ratingOrigin="INI" registeringStatus="FIN" smmsCorrection="0"/>
<Player agaId="99994" club="" country="RU" egfPin="" ffgLicence="" firstName="Сидоров" name="Сидор" participating="11111111111111111111" rank="1K" rating="2000" ratingOrigin="INI" registeringStatus="FIN" smmsCorrection="0"/>
</Players>
<Games>
<Game blackPlayer="ПЁТРПЕТРОВ" handicap="0" knownColor="true" result="RESULT_UNKNOWN" roundNumber="1" tableNumber="1" whitePlayer="孔杰"/>
<Game blackPlayer="עליג'בריןעלי" handicap="0" knownColor="true" result="RESULT_UNKNOWN" roundNumber="3" tableNumber="3" whitePlayer="عراقيحاتم"/>
<Game blackPlayer="СИДОРСИДОРОВ" handicap="0" knownColor="true" result="RESULT_UNKNOWN" roundNumber="1" tableNumber="2" whitePlayer="VANNIERRÉMI"/>
<Game blackPlayer="POZNAŃŁÓDŹ" handicap="0" knownColor="true" result="RESULT_UNKNOWN" roundNumber="1" tableNumber="3" whitePlayer="עליג'בריןעלי"/>
<Game blackPlayer="孔杰" handicap="0" knownColor="true" result="RESULT_UNKNOWN" roundNumber="3" tableNumber="1" whitePlayer="山下敬吾"/>
<Game blackPlayer="이세돌" handicap="0" knownColor="true" result="RESULT_UNKNOWN" roundNumber="3" tableNumber="2" whitePlayer="СИДОРСИДОРОВ"/>
<Game blackPlayer="VANNIERRÉMI" handicap="0" knownColor="true" result="RESULT_UNKNOWN" roundNumber="2" tableNumber="2" whitePlayer="이세돌"/>
<Game blackPlayer="山下敬吾" handicap="0" knownColor="true" result="RESULT_UNKNOWN" roundNumber="2" tableNumber="1" whitePlayer="ПЁТРПЕТРОВ"/>
<Game blackPlayer="عراقيحاتم" handicap="0" knownColor="true" result="RESULT_UNKNOWN" roundNumber="2" tableNumber="3" whitePlayer="POZNAŃŁÓDŹ"/>
</Games>
<Teams>
<Team teamName="中国队" teamNumber="1">
<Board boardNumber="1" player="孔杰"/>
<Board boardNumber="2" player="СИДОРСИДОРОВ"/>
<Board boardNumber="3" player="עליג'בריןעלי"/>
</Team>
<Team teamName="Europe" teamNumber="2">
<Board boardNumber="1" player="ПЁТРПЕТРОВ"/>
<Board boardNumber="2" player="VANNIERRÉMI"/>
<Board boardNumber="3" player="POZNAŃŁÓDŹ"/>
</Team>
<Team teamName="日本の" teamNumber="3">
<Board boardNumber="1" player="山下敬吾"/>
<Board boardNumber="2" player="이세돌"/>
<Board boardNumber="3" player="عراقيحاتم"/>
</Team>
</Teams>
<TournamentParameterSet>
<GeneralParameterSet basicTime="60" beginDate="2011-11-05" canByoYomiTime="300" complementaryTimeSystem="CANBYOYOMI" director="" endDate="2011-11-05" fischerTime="10" genMMBar="4D" genMMFloor="20K" genMMS2ValueAbsent="1" genMMS2ValueBye="1" genNBW2ValueAbsent="0" genNBW2ValueBye="1" komi="7.5" location="Lille" name="Non Latin Tournament" nbMovesCanTime="15" numberOfCategories="1" numberOfRounds="5" shortName="nonlatin" size="19" stdByoYomiTime="30"/>
<HandicapParameterSet hdBasedOnMMS="true" hdCeiling="9" hdCorrection="1" hdNoHdRankThreshold="1D"/>
<PlacementParameterSet>
<PlacementCriteria>
<PlacementCriterion name="MMS" number="1"/>
<PlacementCriterion name="SOSM" number="2"/>
<PlacementCriterion name="SOSOSM" number="3"/>
<PlacementCriterion name="NULL" number="4"/>
<PlacementCriterion name="NULL" number="5"/>
<PlacementCriterion name="NULL" number="6"/>
</PlacementCriteria>
</PlacementParameterSet>
<PairingParameterSet paiBaAvoidDuplGame="500000000000000" paiBaBalanceWB="1000000" paiBaDeterministic="true" paiBaRandom="0" paiMaAdditionalPlacementCritSystem1="Rating" paiMaAdditionalPlacementCritSystem2="NULL" paiMaAvoidMixingCategories="0" paiMaDUDDLowerMode="MID" paiMaDUDDUpperMode="MID" paiMaDUDDWeight="100000000" paiMaLastRoundForSeedSystem1="2" paiMaMaximizeSeeding="5000000" paiMaMinimizeScoreDifference="100000000000" paiMaSeedSystem1="SPLITANDRANDOM" paiSeAvoidSameGeo="100000000000" paiSeDefSecCrit="100000000000" paiSeMinimizeHandicap="0" paiSeNbWinsThresholdActive="false" paiSePreferMMSDiffRatherThanSameClub="3" paiSePreferMMSDiffRatherThanSameCountry="1" paiSeRankThreshold="1D" paiStandardNX1Factor="0.5"/>
</TournamentParameterSet>
<TeamTournamentParameterSet>
<TeamGeneralParameterSet teamSize="3"/>
<TeamPlacementParameterSet>
<PlacementCriteria>
<PlacementCriterion name="NULL" number="1"/>
<PlacementCriterion name="NULL" number="2"/>
<PlacementCriterion name="NULL" number="3"/>
<PlacementCriterion name="NULL" number="4"/>
<PlacementCriterion name="NULL" number="5"/>
<PlacementCriterion name="NULL" number="6"/>
</PlacementCriteria>
</TeamPlacementParameterSet>
</TeamTournamentParameterSet>
</Tournament>
