<?xml version="1.0" encoding="UTF-8" standalone="no"?>
<Tournament dataVersion="201">
<Players>
<Player agaExpirationDate="1/19/2016" agaId="3856" club="BALT" country="US" egfPin="" ffgLicence="" ffgLicenceStatus="" firstName="Joe" name="Maia" participating="11111111111111111111" rank="2K" rating="1886" ratingOrigin="AGA" registeringStatus="FIN" smmsCorrection="0"/>
<Player agaExpirationDate="9/16/2012" agaId="15900" club="FYGS" country="US" egfPin="" ffgLicence="" ffgLicenceStatus="" firstName="Brian" name="Gu" participating="11111111111111111111" rank="1D" rating="2147" ratingOrigin="AGA" registeringStatus="FIN" smmsCorrection="0"/>
<Player agaExpirationDate="10/25/2014" agaId="17850" club="" country="US" egfPin="" ffgLicence="" ffgLicenceStatus="" firstName="Jimmy" name="Yang" participating="11111111111111111111" rank="5D" rating="2508" ratingOrigin="AGA" registeringStatus="FIN" smmsCorrection="0"/>
<Player agaExpirationDate="4/16/2013" agaId="16382" club="GOOR" country="US" egfPin="" ffgLicence="" ffgLicenceStatus="" firstName="Phillip" name="Brix" participating="11111111111111111111" rank="6K" rating="1467" ratingOrigin="AGA" registeringStatus="FIN" smmsCorrection="0"/>
<Player agaExpirationDate="5/28/2013" agaId="17400" club="" country="US" egfPin="" ffgLicence="" ffgLicenceStatus="" firstName="Julian" name="Erville" participating="11111111111111111111" rank="3K" rating="1768" ratingOrigin="AGA" registeringStatus="FIN" smmsCorrection="0"/>
<Player agaExpirationDate="1/3/2013" agaId="9319" club="PRIN" country="US" egfPin="" ffgLicence="" ffgLicenceStatus="" firstName="Ronghao" name="Chen" participating="11111111111111111111" rank="2D" rating="2168" ratingOrigin="AGA" registeringStatus="FIN" smmsCorrection="0"/>
<Player agaExpirationDate="7/31/2013" agaId="20122" club="NOVA" country="US" egfPin="" ffgLicence="" ffgLicenceStatus="" firstName="Gregory William" name="Marshall" participating="11111111111111111111" rank="16K" rating="-700" ratingOrigin="AGA" registeringStatus="FIN" smmsCorrection="0"/>
<Player agaExpirationDate="8/4/2013" agaId="18562" club="" country="US" egfPin="" ffgLicence="" ffgLicenceStatus="" firstName="Zongren" name="Huang" participating="11111111111111111111" rank="28K" rating="-700" ratingOrigin="AGA" registeringStatus="FIN" smmsCorrection="0"/>
<Player agaExpirationDate="3/31/2013" agaId="2323" club="" country="US" egfPin="" ffgLicence="" ffgLicenceStatus="" firstName="Steve" name="Barberi" participating="11111111111111111111" rank="1K" rating="2010" ratingOrigin="AGA" registeringStatus="FIN" smmsCorrection="0"/>
<Player agaExpirationDate="10/3/2012" agaId="9702" club="SCHA" country="US" egfPin="" ffgLicence="" ffgLicenceStatus="" firstName="David" name="Rohde" participating="11111111111111111111" rank="5K" rating="1645" ratingOrigin="AGA" registeringStatus="FIN" smmsCorrection="0"/>
<Player agaExpirationDate="6/26/2013" agaId="244" club="HOBO" country="US" egfPin="" ffgLicence="" ffgLicenceStatus="" firstName="Edward R" name="Downes" participating="11111111111111111111" rank="1D" rating="2062" ratingOrigin="AGA" registeringStatus="FIN" smmsCorrection="0"/>
<Player agaExpirationDate="7/24/2014" agaId="15928" club="" country="US" egfPin="" ffgLicence="" ffgLicenceStatus="" firstName="Nick" name="Sibicky" participating="11111111111111111111" rank="4D" rating="2358" ratingOrigin="AGA" registeringStatus="FIN" smmsCorrection="0"/>
<Player agaExpirationDate="8/4/2013" agaId="20086" club="SCAC" country="US" egfPin="" ffgLicence="" ffgLicenceStatus="" firstName="Luis" name="Quiles" participating="11111111111111111111" rank="20K" rating="-700" ratingOrigin="AGA" registeringStatus="FIN" smmsCorrection="0"/>
<Player agaExpirationDate="5/26/2014" agaId="644" club="GWGC" country="US" egfPin="" ffgLicence="" ffgLicenceStatus="" firstName="Jeffrey" name="Rohlfs" participating="11111111111111111111" rank="3D" rating="2299" ratingOrigin="AGA" registeringStatus="FIN" smmsCorrection="0"/>
<Player agaExpirationDate="5/30/2013" agaId="13586" club="TGG" country="US" egfPin="" ffgLicence="" ffgLicenceStatus="" firstName="Dan" name="Scheck" participating="11111111111111111111" rank="4K" rating="1697" ratingOrigin="AGA" registeringStatus="FIN" smmsCorrection="0"/>
<Player agaExpirationDate="8/4/2013" agaId="11371" club="" country="US" egfPin="" ffgLicence="" ffgLicenceStatus="" firstName="Nader" name="Goubran" participating="01111111111111111111" rank="3K" rating="1731" ratingOrigin="AGA" registeringStatus="FIN" smmsCorrection="0"/>
<Player agaExpirationDate="11/18/2012" agaId="14506" club="BAYA" country="US" egfPin="" ffgLicence="" ffgLicenceStatus="" firstName="Kalinda" name="Fraser" participating="11111111111111111111" rank="8K" rating="874" ratingOrigin="AGA" registeringStatus="FIN" smmsCorrection="0"/>
<Player agaExpirationDate="12/14/2012" agaId="15893" club="ORCO" country="US" egfPin="" ffgLicence="" ffgLicenceStatus="" firstName="Jerry" name="Lu" participating="11111111111111111111" rank="10K" rating="661" ratingOrigin="AGA" registeringStatus="FIN" smmsCorrection="0"/>
<Player agaExpirationDate="12/7/2012" agaId="14461" club="" country="US" egfPin="" ffgLicence="" ffgLicenceStatus="" firstName="Yuankai" name="He" participating="11111111111111111111" rank="5D" rating="-700" ratingOrigin="AGA" registeringStatus="FIN" smmsCorrection="0"/>
<Player agaExpirationDate="3/10/2015" agaId="15975" club="" country="US" egfPin="" ffgLicence="" ffgLicenceStatus="" firstName="Vincent" name="Ma" participating="11111111111111111111" rank="1K" rating="1948" ratingOrigin="AGA" registeringStatus="FIN" smmsCorrection="0"/>
<Player agaExpirationDate="2/26/2014" agaId="17979" club="FYGS" country="US" egfPin="" ffgLicence="" ffgLicenceStatus="" firstName="William" name="Xu" participating="11111111111111111111" rank="4K" rating="1463" ratingOrigin="AGA" registeringStatus="FIN" smmsCorrection="0"/>
<Player agaExpirationDate="3/29/2014" agaId="18068" club="NYGC" country="US" egfPin="" ffgLicence="" ffgLicenceStatus="" firstName="Joshua" name="Anders" participating="11111111111111111111" rank="4K" rating="1680" ratingOrigin="AGA" registeringStatus="FIN" smmsCorrection="0"/>
<Player agaExpirationDate="11/15/2012" agaId="17318" club="ORCO" country="US" egfPin="" ffgLicence="" ffgLicenceStatus="" firstName="Andrew" name="Hong" participating="11111111111111111111" rank="1K" rating="1824" ratingOrigin="AGA" registeringStatus="FIN" smmsCorrection="0"/>
<Player agaExpirationDate="9/6/2012" agaId="13349" club="SCHA" country="US" egfPin="" ffgLicence="" ffgLicenceStatus="" firstName="Lee" name="Huynh" participating="11111111111111111111" rank="1D" rating="2145" ratingOrigin="AGA" registeringStatus="FIN" smmsCorrection="0"/>
<Player agaExpirationDate="11/5/2013" agaId="18369" club="" country="US" egfPin="" ffgLicence="" ffgLicenceStatus="" firstName="Willis" name="Huang" participating="11111111111111111111" rank="1D" rating="2120" ratingOrigin="AGA" registeringStatus="FIN" smmsCorrection="0"/>
<Player agaExpirationDate="1/30/2013" agaId="17760" club="PENG" country="US" egfPin="" ffgLicence="" ffgLicenceStatus="" firstName="Anatoly" name="Zaytsev" participating="11111111111111111111" rank="1K" rating="1955" ratingOrigin="AGA" registeringStatus="FIN" smmsCorrection="0"/>
<Player agaExpirationDate="9/2/2012" agaId="18230" club="ATLA" country="US" egfPin="" ffgLicence="" ffgLicenceStatus="" firstName="Joseph" name="Hartsell" participating="11111111111111111111" rank="1K" rating="2014" ratingOrigin="AGA" registeringStatus="FIN" smmsCorrection="0"/>
<Player agaExpirationDate="12/31/2012" agaId="4386" club="MILF" country="US" egfPin="" ffgLicence="" ffgLicenceStatus="" firstName="Peter W. W" name="Gousios" participating="11111111111111111111" rank="5K" rating="1633" ratingOrigin="AGA" registeringStatus="FIN" smmsCorrection="0"/>
<Player agaExpirationDate="8/20/2003" agaId="12072" club="" country="" egfPin="" ffgLicence="" ffgLicenceStatus="" firstName="Hildegard" name="Puttkammer" participating="11111111111111111111" rank="1D" rating="2148" ratingOrigin="AGA" registeringStatus="FIN" smmsCorrection="0"/>
<Player agaExpirationDate="7/12/2013" agaId="7976" club="HOBO" country="US" egfPin="" ffgLicence="" ffgLicenceStatus="" firstName="Larry" name="Russ" participating="11111111111111111111" rank="3K" rating="1775" ratingOrigin="AGA" registeringStatus="FIN" smmsCorrection="0"/>
<Player agaExpirationDate="5/31/2013" agaId="19986" club="EVAN" country="US" egfPin="" ffgLicence="" ffgLicenceStatus="" firstName="Zihang" name="Yin" participating="11111111111111111111" rank="3K" rating="1803" ratingOrigin="AGA" registeringStatus="FIN" smmsCorrection="0"/>
<Player agaExpirationDate="9/11/2013" agaId="16799" club="" country="US" egfPin="" ffgLicence="" ffgLicenceStatus="" firstName="Yue" name="Zhang" participating="11111111111111111111" rank="7D" rating="2741" ratingOrigin="AGA" registeringStatus="FIN" smmsCorrection="0"/>
<Player agaExpirationDate="5/1/2021" agaId="18784" club="PORT" country="US" egfPin="" ffgLicence="" ffgLicenceStatus="" firstName="Louie" name="Liu" participating="11111111111111111111" rank="1K" rating="2033" ratingOrigin="AGA" registeringStatus="FIN" smmsCorrection="0"/>
<Player agaExpirationDate="11/18/2012" agaId="7721" club="BAYA" country="US" egfPin="" ffgLicence="" ffgLicenceStatus="" firstName="William E" name="Fraser" participating="11111111111111111111" rank="5K" rating="1595" ratingOrigin="AGA" registeringStatus="FIN" smmsCorrection="0"/>
<Player agaExpirationDate="9/15/2024" agaId="14158" club="FYGS" country="US" egfPin="" ffgLicence="" ffgLicenceStatus="" firstName="Gabriella" name="Su" participating="11111111111111111111" rank="1D" rating="2072" ratingOrigin="AGA" registeringStatus="FIN" smmsCorrection="0"/>
<Player agaExpirationDate="9/14/2013" agaId="17531" club="BAYA" country="US" egfPin="" ffgLicence="" ffgLicenceStatus="" firstName="Jeremy" name="Chiu" participating="11111111111111111111" rank="5D" rating="2426" ratingOrigin="AGA" registeringStatus="FIN" smmsCorrection="0"/>
<Player agaExpirationDate="2/14/2029" agaId="19727" club="" country="US" egfPin="" ffgLicence="" ffgLicenceStatus="" firstName="Bob" name="Liu" participating="11111111111111111111" rank="11K" rating="-700" ratingOrigin="AGA" registeringStatus="FIN" smmsCorrection="0"/>
<Player agaExpirationDate="8/20/2013" agaId="11734" club="TACO" country="US" egfPin="" ffgLicence="" ffgLicenceStatus="" firstName="Gordon" name="Castanza" participating="11111111111111111111" rank="9K" rating="1207" ratingOrigin="AGA" registeringStatus="FIN" smmsCorrection="0"/>
<Player agaExpirationDate="5/15/2013" agaId="19921" club="" country="US" egfPin="" ffgLicence="" ffgLicenceStatus="" firstName="Daqiang" name="Sun" participating="11111111111111111111" rank="2D" rating="2154" ratingOrigin="AGA" registeringStatus="FIN" smmsCorrection="0"/>
<Player agaExpirationDate="11/2/2013" agaId="3979" club="AUST" country="US" egfPin="" ffgLicence="" ffgLicenceStatus="" firstName="Bart" name="Jacob" participating="11111111111111111111" rank="4K" rating="1708" ratingOrigin="AGA" registeringStatus="FIN" smmsCorrection="0"/>
<Player agaExpirationDate="5/23/2013" agaId="2017" club="YUGO" country="US" egfPin="" ffgLicence="" ffgLicenceStatus="" firstName="Joseph" name="Walters" participating="11111111111111111111" rank="8K" rating="1273" ratingOrigin="AGA" registeringStatus="FIN" smmsCorrection="0"/>
<Player agaExpirationDate="12/31/2199" agaId="10688" club="ANNA" country="US" egfPin="" ffgLicence="" ffgLicenceStatus="" firstName="Eric" name="Jankowski" participating="11111111111111111111" rank="1D" rating="2123" ratingOrigin="AGA" registeringStatus="FIN" smmsCorrection="0"/>
<Player agaExpirationDate="3/3/2013" agaId="15171" club="NOVA" country="US" egfPin="" ffgLicence="" ffgLicenceStatus="" firstName="Kelsey" name="Dyer" participating="11111111111111111111" rank="1D" rating="2078" ratingOrigin="AGA" registeringStatus="FIN" smmsCorrection="0"/>
<Player agaExpirationDate="1/4/2013" agaId="5145" club="NOVA" country="US" egfPin="" ffgLicence="" ffgLicenceStatus="" firstName="Anthony" name="Blagrove" participating="11111111111111111111" rank="10K" rating="1094" ratingOrigin="AGA" registeringStatus="FIN" smmsCorrection="0"/>
<Player agaExpirationDate="8/20/2015" agaId="18327" club="" country="US" egfPin="" ffgLicence="" ffgLicenceStatus="" firstName="John" name="Redford" participating="11111111111111111111" rank="7K" rating="1449" ratingOrigin="AGA" registeringStatus="FIN" smmsCorrection="0"/>
<Player agaExpirationDate="12/18/2012" agaId="6922" club="GOTH" country="US" egfPin="" ffgLicence="" ffgLicenceStatus="" firstName="Gregory" name="Pongracz" participating="11111111111111111111" rank="2K" rating="1897" ratingOrigin="AGA" registeringStatus="FIN" smmsCorrection="0"/>
<Player agaExpirationDate="10/11/2012" agaId="6623" club="AUST" country="US" egfPin="" ffgLicence="" ffgLicenceStatus="" firstName="Jim" name="Conyngham" participating="11111111111111111111" rank="3K" rating="1789" ratingOrigin="AGA" registeringStatus="FIN" smmsCorrection="0"/>
<Player agaExpirationDate="1/31/2013" agaId="3199" club="PRIN" country="US" egfPin="" ffgLicence="" ffgLicenceStatus="" firstName="Rick" name="Mott" participating="11111111111111111111" rank="5K" rating="1623" ratingOrigin="AGA" registeringStatus="FIN" smmsCorrection="0"/>
<Player agaExpirationDate="11/6/2013" agaId="18494" club="BLAC" country="US" egfPin="" ffgLicence="" ffgLicenceStatus="" firstName="Jake" name="Altizer" participating="11111111111111111111" rank="5K" rating="1345" ratingOrigin="AGA" registeringStatus="FIN" smmsCorrection="0"/>
<Player agaExpirationDate="12/8/2012" agaId="14956" club="ORCO" country="US" egfPin="" ffgLicence="" ffgLicenceStatus="" firstName="Andrew" name="Lu" participating="11111111111111111111" rank="6D" rating="2620" ratingOrigin="AGA" registeringStatus="FIN" smmsCorrection="0"/>
<Player agaExpirationDate="12/31/2199" agaId="2384" club="" country="US" egfPin="" ffgLicence="" ffgLicenceStatus="" firstName="Steffen" name="Kurz" participating="11111111111111111111" rank="3K" rating="1771" ratingOrigin="AGA" registeringStatus="FIN" smmsCorrection="0"/>
<Player agaExpirationDate="12/13/2013" agaId="14088" club="NYGC" country="US" egfPin="" ffgLicence="" ffgLicenceStatus="" firstName="Matthew" name="Hershberger" participating="11111111111111111111" rank="3D" rating="2304" ratingOrigin="AGA" registeringStatus="FIN" smmsCorrection="0"/>
<Player agaExpirationDate="5/5/2013" agaId="11816" club="SMON" country="US" egfPin="" ffgLicence="" ffgLicenceStatus="" firstName="Yixian" name="Zhou" participating="11111111111111111111" rank="6D" rating="2645" ratingOrigin="AGA" registeringStatus="FIN" smmsCorrection="0"/>
<Player agaExpirationDate="2/15/2016" agaId="10348" club="TGG" country="US" egfPin="" ffgLicence="" ffgLicenceStatus="" firstName="Dale" name="Blann" participating="11111111111111111111" rank="15K" rating="596" ratingOrigin="AGA" registeringStatus="FIN" smmsCorrection="0"/>
<Player agaExpirationDate="12/31/2199" agaId="6148" club="" country="US" egfPin="" ffgLicence="" ffgLicenceStatus="" firstName="Yoko" name="Ohashi" participating="11111111111111111111" rank="6K" rating="1455" ratingOrigin="AGA" registeringStatus="FIN" smmsCorrection="0"/>
<Player agaExpirationDate="8/15/2013" agaId="12867" club="ESGC" country="US" egfPin="" ffgLicence="" ffgLicenceStatus="" firstName="Yukino" name="Takehara" participating="11111111111111111111" rank="2K" rating="1873" ratingOrigin="AGA" registeringStatus="FIN" smmsCorrection="0"/>
<Player agaExpirationDate="5/17/2013" agaId="16749" club="" country="US" egfPin="" ffgLicence="" ffgLicenceStatus="" firstName="Sathya" name="Anand" participating="11111111111111111111" rank="2K" rating="1870" ratingOrigin="AGA" registeringStatus="FIN" smmsCorrection="0"/>
<Player agaExpirationDate="2/22/2015" agaId="2429" club="SEAG" country="US" egfPin="" ffgLicence="" ffgLicenceStatus="" firstName="George" name="Schmitten" participating="11111111111111111111" rank="8K" rating="1271" ratingOrigin="AGA" registeringStatus="FIN" smmsCorrection="0"/>
<Player agaExpirationDate="8/18/2004" agaId="12070" club="" country="" egfPin="" ffgLicence="" ffgLicenceStatus="" firstName="Hiroshi" name="Yuyama" participating="11111111111111111111" rank="3D" rating="2251" ratingOrigin="AGA" registeringStatus="FIN" smmsCorrection="0"/>
<Player agaExpirationDate="12/31/2199" agaId="8" club="WACW" country="US" egfPin="" ffgLicence="" ffgLicenceStatus="" firstName="Terri" name="Schurter" participating="11111111111111111111" rank="8K" rating="1254" ratingOrigin="AGA" registeringStatus="FIN" smmsCorrection="0"/>
<Player agaExpirationDate="4/8/2013" agaId="6274" club="ATLA" country="US" egfPin="" ffgLicence="" ffgLicenceStatus="" firstName="Darrell" name="Speck" participating="11111111111111111111" rank="5K" rating="1630" ratingOrigin="AGA" registeringStatus="FIN" smmsCorrection="0"/>
<Player agaExpirationDate="2/17/2013" agaId="18348" club="" country="US" egfPin="" ffgLicence="" ffgLicenceStatus="" firstName="Bob" name="Crites" participating="11111111111111111111" rank="12K" rating="877" ratingOrigin="AGA" registeringStatus="FIN" smmsCorrection="0"/>
<Player agaExpirationDate="8/24/2007" agaId="15749" club="" country="" egfPin="" ffgLicence="" ffgLicenceStatus="" firstName="Tsutomu" name="Takazawa" participating="11111111111111111111" rank="6K" rating="1468" ratingOrigin="AGA" registeringStatus="FIN" smmsCorrection="0"/>
<Player agaExpirationDate="8/4/2013" agaId="20085" club="" country="US" egfPin="" ffgLicence="" ffgLicenceStatus="" firstName="Corey" name="Afton" participating="11111111111111111111" rank="7K" rating="-700" ratingOrigin="AGA" registeringStatus="FIN" smmsCorrection="0"/>
<Player agaExpirationDate="6/12/2013" agaId="18873" club="SFGC" country="US" egfPin="" ffgLicence="" ffgLicenceStatus="" firstName="Matthias" name="Kramm" participating="11111111111111111111" rank="10K" rating="891" ratingOrigin="AGA" registeringStatus="FIN" smmsCorrection="0"/>
<Player agaExpirationDate="10/25/2013" agaId="13019" club="TGG" country="US" egfPin="" ffgLicence="" ffgLicenceStatus="" firstName="Vincent" name="Dimattia" participating="11111111111111111111" rank="9K" rating="1200" ratingOrigin="AGA" registeringStatus="FIN" smmsCorrection="0"/>
<Player agaExpirationDate="5/12/2013" agaId="9667" club="" country="US" egfPin="" ffgLicence="" ffgLicenceStatus="" firstName="Raymond" name="Wan" participating="11111111111111111111" rank="3K" rating="1752" ratingOrigin="AGA" registeringStatus="FIN" smmsCorrection="0"/>
<Player agaExpirationDate="1/20/2021" agaId="15228" club="BOUL" country="US" egfPin="" ffgLicence="" ffgLicenceStatus="" firstName="Matthew" name="Harwit" participating="11111111111111111111" rank="5D" rating="2349" ratingOrigin="AGA" registeringStatus="FIN" smmsCorrection="0"/>
<Player agaExpirationDate="7/19/2013" agaId="20033" club="" country="US" egfPin="" ffgLicence="" ffgLicenceStatus="" firstName="Elmer" name="Martinez-Rivas" participating="11111111111111111111" rank="12K" rating="869" ratingOrigin="AGA" registeringStatus="FIN" smmsCorrection="0"/>
<Player agaExpirationDate="7/3/2013" agaId="15979" club="" country="US" egfPin="" ffgLicence="" ffgLicenceStatus="" firstName="Jiayue" name="Li" participating="11111111111111111111" rank="7K" rating="1442" ratingOrigin="AGA" registeringStatus="FIN" smmsCorrection="0"/>
<Player agaExpirationDate="8/12/2012" agaId="12376" club="PORT" country="US" egfPin="" ffgLicence="" ffgLicenceStatus="" firstName="Ryan" name="Smith" participating="11111111111111111111" rank="4D" rating="2407" ratingOrigin="AGA" registeringStatus="FIN" smmsCorrection="0"/>
<Player agaExpirationDate="2/11/2013" agaId="12257" club="BERK" country="US" egfPin="" ffgLicence="" ffgLicenceStatus="" firstName="Linden" name="Chiu" participating="11111111111111111111" rank="3D" rating="2220" ratingOrigin="AGA" registeringStatus="FIN" smmsCorrection="0"/>
<Player agaExpirationDate="1/28/2014" agaId="14141" club="FYGS" country="US" egfPin="" ffgLicence="" ffgLicenceStatus="" firstName="Forest" name="Song" participating="11111111111111111111" rank="4D" rating="2369" ratingOrigin="AGA" registeringStatus="FIN" smmsCorrection="0"/>
<Player agaExpirationDate="5/21/2018" agaId="18794" club="PENG" country="US" egfPin="" ffgLicence="" ffgLicenceStatus="" firstName="Kbenjamin" name="Coplon" participating="11111111111111111111" rank="6K" rating="1349" ratingOrigin="AGA" registeringStatus="FIN" smmsCorrection="0"/>
<Player agaExpirationDate="4/14/2013" agaId="18755" club="GOOR" country="US" egfPin="" ffgLicence="" ffgLicenceStatus="" firstName="Ellis" name="Knickerbocker" participating="11111111111111111111" rank="10K" rating="1138" ratingOrigin="AGA" registeringStatus="FIN" smmsCorrection="0"/>
<Player agaExpirationDate="12/27/2012" agaId="19483" club="MGA" country="US" egfPin="" ffgLicence="" ffgLicenceStatus="" firstName="Benjamin" name="Chaney" participating="11111111111111111111" rank="3K" rating="1762" ratingOrigin="AGA" registeringStatus="FIN" smmsCorrection="0"/>
<Player agaExpirationDate="12/8/2017" agaId="4070" club="" country="US" egfPin="" ffgLicence="" ffgLicenceStatus="" firstName="Eric J" name="Anderson" participating="11111111111111111111" rank="10K" rating="1055" ratingOrigin="AGA" registeringStatus="FIN" smmsCorrection="0"/>
<Player agaExpirationDate="1/12/2013" agaId="18587" club="ATLA" country="US" egfPin="" ffgLicence="" ffgLicenceStatus="" firstName="Brandon" name="Zhou" participating="11111111111111111111" rank="2D" rating="2021" ratingOrigin="AGA" registeringStatus="FIN" smmsCorrection="0"/>
<Player agaExpirationDate="12/12/2013" agaId="10817" club="BKLN" country="US" egfPin="" ffgLicence="" ffgLicenceStatus="" firstName="Afa" name="Zhou" participating="11111111111111111111" rank="1K" rating="2020" ratingOrigin="AGA" registeringStatus="FIN" smmsCorrection="0"/>
<Player agaExpirationDate="7/19/2013" agaId="11235" club="" country="US" egfPin="" ffgLicence="" ffgLicenceStatus="" firstName="Kabe" name="Chin" participating="11111111111111111111" rank="2D" rating="2219" ratingOrigin="AGA" registeringStatus="FIN" smmsCorrection="0"/>
<Player agaExpirationDate="1/2/2014" agaId="14001" club="NPUG" country="US" egfPin="" ffgLicence="" ffgLicenceStatus="" firstName="Eric" name="Backus" participating="11111111111111111111" rank="4K" rating="1709" ratingOrigin="AGA" registeringStatus="FIN" smmsCorrection="0"/>
<Player agaExpirationDate="8/11/2010" agaId="12073" club="" country="" egfPin="" ffgLicence="" ffgLicenceStatus="" firstName="Dirk" name="Mechtenberg" participating="11111111111111111111" rank="1D" rating="2052" ratingOrigin="AGA" registeringStatus="FIN" smmsCorrection="0"/>
<Player agaExpirationDate="6/20/2013" agaId="20008" club="NOVA" country="US" egfPin="" ffgLicence="" ffgLicenceStatus="" firstName="Edward James" name="Lane" participating="11111111111111111111" rank="16K" rating="-81" ratingOrigin="AGA" registeringStatus="FIN" smmsCorrection="0"/>
<Player agaExpirationDate="8/4/2013" agaId="18034" club="" country="US" egfPin="" ffgLicence="" ffgLicenceStatus="" firstName="Zongli" name="Huang" participating="11111111111111111111" rank="11K" rating="1025" ratingOrigin="AGA" registeringStatus="FIN" smmsCorrection="0"/>
<Player agaExpirationDate="10/8/2013" agaId="16894" club="FYGS" country="US" egfPin="" ffgLicence="" ffgLicenceStatus="" firstName="Justin" name="Ching" participating="11111111111111111111" rank="3D" rating="2258" ratingOrigin="AGA" registeringStatus="FIN" smmsCorrection="0"/>
<Player agaExpirationDate="8/4/2013" agaId="2356" club="" country="US" egfPin="" ffgLicence="" ffgLicenceStatus="" firstName="Ted" name="Eschenbach" participating="11111111111111111111" rank="1D" rating="-700" ratingOrigin="AGA" registeringStatus="FIN" smmsCorrection="0"/>
<Player agaExpirationDate="8/4/2013" agaId="20077" club="SCAC" country="US" egfPin="" ffgLicence="" ffgLicenceStatus="" firstName="Arron" name="Otero" participating="11111111111111111111" rank="13K" rating="-700" ratingOrigin="AGA" registeringStatus="FIN" smmsCorrection="0"/>
<Player agaExpirationDate="7/27/2014" agaId="13023" club="CORV" country="US" egfPin="" ffgLicence="" ffgLicenceStatus="" firstName="Alexandros" name="Salazar" participating="11111111111111111111" rank="1K" rating="2047" ratingOrigin="AGA" registeringStatus="FIN" smmsCorrection="0"/>
<Player agaExpirationDate="12/31/2199" agaId="141" club="PENG" country="US" egfPin="" ffgLicence="" ffgLicenceStatus="" firstName="Phil" name="Straus" participating="11111111111111111111" rank="2D" rating="2159" ratingOrigin="AGA" registeringStatus="FIN" smmsCorrection="0"/>
<Player agaExpirationDate="8/24/2013" agaId="10642" club="" country="US" egfPin="" ffgLicence="" ffgLicenceStatus="" firstName="Yoshitomo" name="Nakata" participating="11111111111111111111" rank="1K" rating="1980" ratingOrigin="AGA" registeringStatus="FIN" smmsCorrection="0"/>
<Player agaExpirationDate="9/15/2021" agaId="12879" club="FYGS" country="US" egfPin="" ffgLicence="" ffgLicenceStatus="" firstName="Amy" name="Su" participating="11111111111111111111" rank="4D" rating="2235" ratingOrigin="AGA" registeringStatus="FIN" smmsCorrection="0"/>
</Players>
<Games>
<Game blackPlayer="ZHANGYUE" handicap="0" knownColor="true" result="RESULT_UNKNOWN" roundNumber="1" tableNumber="1" whitePlayer="HEYUANKAI"/>
<Game blackPlayer="SUAMY" handicap="0" knownColor="true" result="RESULT_UNKNOWN" roundNumber="1" tableNumber="2" whitePlayer="ZHOUYIXIAN"/>
<Game blackPlayer="LUANDREW" handicap="0" knownColor="true" result="RESULT_UNKNOWN" roundNumber="1" tableNumber="3" whitePlayer="HARWITMATTHEW"/>
<Game blackPlayer="YANGJIMMY" handicap="0" knownColor="true" result="RESULT_UNKNOWN" roundNumber="1" tableNumber="4" whitePlayer="SONGFOREST"/>
<Game blackPlayer="SIBICKYNICK" handicap="0" knownColor="true" result="RESULT_UNKNOWN" roundNumber="1" tableNumber="5" whitePlayer="CHIUJEREMY"/>
<Game blackPlayer="SMITHRYAN" handicap="0" knownColor="true" result="RESULT_UNKNOWN" roundNumber="1" tableNumber="6" whitePlayer="CHINGJUSTIN"/>
<Game blackPlayer="HERSHBERGERMATTHEW" handicap="0" knownColor="true" result="RESULT_UNKNOWN" roundNumber="1" tableNumber="7" whitePlayer="YUYAMAHIROSHI"/>
<Game blackPlayer="ROHLFSJEFFREY" handicap="0" knownColor="true" result="RESULT_UNKNOWN" roundNumber="1" tableNumber="8" whitePlayer="CHIULINDEN"/>
<Game blackPlayer="CHINKABE" handicap="0" knownColor="true" result="RESULT_UNKNOWN" roundNumber="1" tableNumber="9" whitePlayer="ZHOUBRANDON"/>
<Game blackPlayer="CHENRONGHAO" handicap="0" knownColor="true" result="RESULT_UNKNOWN" roundNumber="1" tableNumber="10" whitePlayer="SUNDAQIANG"/>
<Game blackPlayer="STRAUSPHIL" handicap="0" knownColor="true" result="RESULT_UNKNOWN" roundNumber="1" tableNumber="11" whitePlayer="HUANGWILLIS"/>
<Game blackPlayer="DOWNESEDWARDR" handicap="0" knownColor="true" result="RESULT_UNKNOWN" roundNumber="1" tableNumber="12" whitePlayer="PUTTKAMMERHILDEGARD"/>
<Game blackPlayer="GUBRIAN" handicap="0" knownColor="true" result="RESULT_UNKNOWN" roundNumber="1" tableNumber="13" whitePlayer="SUGABRIELLA"/>
<Game blackPlayer="MECHTENBERGDIRK" handicap="0" knownColor="true" result="RESULT_UNKNOWN" roundNumber="1" tableNumber="14" whitePlayer="HUYNHLEE"/>
<Game blackPlayer="JANKOWSKIERIC" handicap="0" knownColor="true" result="RESULT_UNKNOWN" roundNumber="1" tableNumber="15" whitePlayer="ESCHENBACHTED"/>
<Game blackPlayer="DYERKELSEY" handicap="0" knownColor="true" result="RESULT_UNKNOWN" roundNumber="1" tableNumber="16" whitePlayer="BARBERISTEVE"/>
<Game blackPlayer="HONGANDREW" handicap="0" knownColor="true" result="RESULT_UNKNOWN" roundNumber="1" tableNumber="18" whitePlayer="LIULOUIE"/>
<Game blackPlayer="ZAYTSEVANATOLY" handicap="0" knownColor="true" result="RESULT_UNKNOWN" roundNumber="1" tableNumber="17" whitePlayer="SALAZARALEXANDROS"/>
<Game blackPlayer="NAKATAYOSHITOMO" handicap="0" knownColor="true" result="RESULT_UNKNOWN" roundNumber="1" tableNumber="20" whitePlayer="HARTSELLJOSEPH"/>
<Game blackPlayer="MAVINCENT" handicap="0" knownColor="true" result="RESULT_UNKNOWN" roundNumber="1" tableNumber="19" whitePlayer="ZHOUAFA"/>
<Game blackPlayer="ANANDSATHYA" handicap="0" knownColor="true" result="RESULT_UNKNOWN" roundNumber="1" tableNumber="22" whitePlayer="MAIAJOE"/>
<Game blackPlayer="TAKEHARAYUKINO" handicap="0" knownColor="true" result="RESULT_UNKNOWN" roundNumber="1" tableNumber="21" whitePlayer="PONGRACZGREGORY"/>
<Game blackPlayer="CONYNGHAMJIM" handicap="0" knownColor="true" result="RESULT_UNKNOWN" roundNumber="1" tableNumber="24" whitePlayer="ERVILLEJULIAN"/>
<Game blackPlayer="WANRAYMOND" handicap="0" knownColor="true" result="RESULT_UNKNOWN" roundNumber="1" tableNumber="23" whitePlayer="YINZIHANG"/>
<Game blackPlayer="KURZSTEFFEN" handicap="0" knownColor="true" result="RESULT_UNKNOWN" roundNumber="1" tableNumber="26" whitePlayer="SCHECKDAN"/>
<Game blackPlayer="CHANEYBENJAMIN" handicap="0" knownColor="true" result="RESULT_UNKNOWN" roundNumber="1" tableNumber="25" whitePlayer="RUSSLARRY"/>
<Game blackPlayer="ANDERSJOSHUA" handicap="0" knownColor="true" result="RESULT_UNKNOWN" roundNumber="1" tableNumber="28" whitePlayer="JACOBBART"/>
<Game blackPlayer="BACKUSERIC" handicap="0" knownColor="true" result="RESULT_UNKNOWN" roundNumber="1" tableNumber="27" whitePlayer="XUWILLIAM"/>
<Game blackPlayer="MOTTRICK" handicap="0" knownColor="true" result="RESULT_UNKNOWN" roundNumber="1" tableNumber="30" whitePlayer="GOUSIOSPETERW.W"/>
<Game blackPlayer="FRASERWILLIAME" handicap="0" knownColor="true" result="RESULT_UNKNOWN" roundNumber="1" tableNumber="29" whitePlayer="ROHDEDAVID"/>
<Game blackPlayer="COPLONKBENJAMIN" handicap="0" knownColor="true" result="RESULT_UNKNOWN" roundNumber="1" tableNumber="32" whitePlayer="TAKAZAWATSUTOMU"/>
<Game blackPlayer="ALTIZERJAKE" handicap="0" knownColor="true" result="RESULT_UNKNOWN" roundNumber="1" tableNumber="31" whitePlayer="SPECKDARRELL"/>
<Game blackPlayer="SCHMITTENGEORGE" handicap="0" knownColor="true" result="RESULT_UNKNOWN" roundNumber="1" tableNumber="35" whitePlayer="LIJIAYUE"/>
<Game blackPlayer="WALTERSJOSEPH" handicap="0" knownColor="true" result="RESULT_UNKNOWN" roundNumber="1" tableNumber="36" whitePlayer="FRASERKALINDA"/>
<Game blackPlayer="OHASHIYOKO" handicap="0" knownColor="true" result="RESULT_UNKNOWN" roundNumber="1" tableNumber="33" whitePlayer="BRIXPHILLIP"/>
<Game blackPlayer="REDFORDJOHN" handicap="0" knownColor="true" result="RESULT_UNKNOWN" roundNumber="1" tableNumber="34" whitePlayer="SCHURTERTERRI"/>
<Game blackPlayer="CRITESBOB" handicap="1" knownColor="true" result="RESULT_UNKNOWN" roundNumber="1" tableNumber="39" whitePlayer="BLAGROVEANTHONY"/>
<Game blackPlayer="ANDERSONERICJ" handicap="0" knownColor="true" result="RESULT_UNKNOWN" roundNumber="1" tableNumber="40" whitePlayer="LUJERRY"/>
<Game blackPlayer="DIMATTIAVINCENT" handicap="0" knownColor="true" result="RESULT_UNKNOWN" roundNumber="1" tableNumber="37" whitePlayer="CASTANZAGORDON"/>
<Game blackPlayer="KNICKERBOCKERELLIS" handicap="0" knownColor="true" result="RESULT_UNKNOWN" roundNumber="1" tableNumber="38" whitePlayer="HUANGZONGLI"/>
<Game blackPlayer="BLANNDALE" handicap="0" knownColor="true" result="RESULT_UNKNOWN" roundNumber="1" tableNumber="43" whitePlayer="MARSHALLGREGORYWILLIAM"/>
<Game blackPlayer="QUILESLUIS" handicap="0" knownColor="true" result="RESULT_UNKNOWN" roundNumber="1" tableNumber="44" whitePlayer="HUANGZONGREN"/>
<Game blackPlayer="KRAMMMATTHIAS" handicap="0" knownColor="true" result="RESULT_UNKNOWN" roundNumber="1" tableNumber="41" whitePlayer="LIUBOB"/>
<Game blackPlayer="MARTINEZ-RIVASELMER" handicap="0" knownColor="true" result="RESULT_UNKNOWN" roundNumber="1" tableNumber="42" whitePlayer="OTEROARRON"/>
<Game blackPlayer="LANEEDWARDJAMES" handicap="8" knownColor="true" result="RESULT_UNKNOWN" roundNumber="1" tableNumber="45" whitePlayer="AFTONCOREY"/>
</Games>
<TournamentParameterSet>
<GeneralParameterSet basicTime="60" beginDate="2012-08-08" canByoYomiTime="300" complementaryTimeSystem="SUDDENDEATH" director="" endDate="2012-08-08" fischerTime="10" genMMBar="4D" genMMFloor="20K" genMMS2ValueAbsent="1" genMMS2ValueBye="2" genNBW2ValueAbsent="0" genNBW2ValueBye="2" genRoundDownNBWMMS="true" komi="7.5" location="Black Mountain, NC" name="Die Hard 2012" nbMovesCanTime="15" numberOfCategories="1" numberOfRounds="4" shortName="diehard2012" size="19" stdByoYomiTime="30"/>
<HandicapParameterSet hdBasedOnMMS="true" hdCeiling="9" hdCorrection="1" hdNoHdRankThreshold="1D"/>
<PlacementParameterSet>
<PlacementCriteria>
<PlacementCriterion name="MMS" number="1"/>
<PlacementCriterion name="SOSM" number="2"/>
<PlacementCriterion name="SOSOSM" number="3"/>
<PlacementCriterion name="NULL" number="4"/>
<PlacementCriterion name="NULL" number="5"/>
<PlacementCriterion name="NULL" number="6"/>
</PlacementCriteria>
</PlacementParameterSet>
<PairingParameterSet paiBaAvoidDuplGame="500000000000000" paiBaBalanceWB="1000000" paiBaDeterministic="true" paiBaRandom="0" paiMaAdditionalPlacementCritSystem1="Rating" paiMaAdditionalPlacementCritSystem2="NULL" paiMaAvoidMixingCategories="0" paiMaDUDDLowerMode="MID" paiMaDUDDUpperMode="MID" paiMaDUDDWeight="100000000" paiMaLastRoundForSeedSystem1="2" paiMaMaximizeSeeding="5000000" paiMaMinimizeScoreDifference="100000000000" paiMaSeedSystem1="SPLITANDRANDOM" paiSeAvoidSameGeo="100000000000" paiSeDefSecCrit="100000000000" paiSeMinimizeHandicap="0" paiSeNbWinsThresholdActive="false" paiSePreferMMSDiffRatherThanSameClub="3" paiSePreferMMSDiffRatherThanSameCountry="1" paiSeRankThreshold="1D" paiStandardNX1Factor="0.5"/>
</TournamentParameterSet>
<TeamTournamentParameterSet>
<TeamGeneralParameterSet teamSize="4"/>
<TeamPlacementParameterSet>
<PlacementCriteria>
<PlacementCriterion name="TEAMP" number="1"/>
<PlacementCriterion name="BDW" number="2"/>
<PlacementCriterion name="BDW3U" number="3"/>
<PlacementCriterion name="BDW2U" number="4"/>
<PlacementCriterion name="BDW1U" number="5"/>
<PlacementCriterion name="MNR" number="6"/>
</PlacementCriteria>
</TeamPlacementParameterSet>
</TeamTournamentParameterSet>
</Tournament>
