<?xml version="1.0" encoding="UTF-8" standalone="no"?>
<Tournament dataVersion="201">
<Players>
<Player agaExpirationDate="" agaId="" club="1K" country="PL" egfPin="" ffgLicence="" ffgLicenceStatus="" firstName="Km" name="Mazurek-Kaminski" participating="11111111111111111111" rank="30K" rating="-900" ratingOrigin="INI" registeringStatus="FIN" smmsCorrection="0"/>
<Player agaExpirationDate="" agaId="" club="" country="FR" egfPin="" ffgLicence="" ffgLicenceStatus="" firstName="Jt" name="Gauthier-Leclerc" participating="11111111111111111111" rank="5K" rating="1600" ratingOrigin="INI" registeringStatus="FIN" smmsCorrection="0"/>
<Player agaExpirationDate="" agaId="" club="" country="FR" egfPin="" ffgLicence="" ffgLicenceStatus="" firstName="Nta" name="Cao-Fenech" participating="11111111111111111111" rank="3D" rating="2300" ratingOrigin="INI" registeringStatus="FIN" smmsCorrection="0"/>
<Player agaExpirationDate="" agaId="" club="" country="FR" egfPin="" ffgLicence="" ffgLicenceStatus="" firstName="Vj" name="Lamour-Michel" participating="11111111111111111111" rank="1K" rating="2000" ratingOrigin="INI" registeringStatus="FIN" smmsCorrection="0"/>
<Player agaExpirationDate="" agaId="" club="" country="FR" egfPin="" ffgLicence="" ffgLicenceStatus="" firstName="Mfe" name="Camps-Serres" participating="11111111111111111111" rank="4K" rating="1700" ratingOrigin="INI" registeringStatus="FIN" smmsCorrection="0"/>
<Player agaExpirationDate="" agaId="" club="" country="RO" egfPin="" ffgLicence="" ffgLicenceStatus="" firstName="Il" name="Succiu-Calotta" participating="11111111111111111111" rank="2D" rating="2200" ratingOrigin="INI" registeringStatus="FIN" smmsCorrection="0"/>
<Player agaExpirationDate="" agaId="" club="" country="FR" egfPin="" ffgLicence="" ffgLicenceStatus="" firstName="Mcp" name="Chaine-Colmez" participating="11111111111111111111" rank="3D" rating="2300" ratingOrigin="INI" registeringStatus="FIN" smmsCorrection="0"/>
<Player agaExpirationDate="" agaId="" club="" country="FR" egfPin="" ffgLicence="" ffgLicenceStatus="" firstName="Ml" name="Daniel-Meckes" participating="11111111111111111111" rank="5K" rating="1600" ratingOrigin="INI" registeringStatus="FIN" smmsCorrection="0"/>
<Player agaExpirationDate="" agaId="" club="" country="RU" egfPin="" ffgLicence="" ffgLicenceStatus="" firstName="Nd" name="Kovaleva-Surin" participating="11111111111111111111" rank="6D" rating="2600" ratingOrigin="INI" registeringStatus="FIN" smmsCorrection="0"/>
<Player agaExpirationDate="" agaId="" club="" country="RO" egfPin="" ffgLicence="" ffgLicenceStatus="" firstName="Lal" name="Avram-Corlan" participating="11111111111111111111" rank="4D" rating="2400" ratingOrigin="INI" registeringStatus="FIN" smmsCorrection="0"/>
<Player agaExpirationDate="" agaId="" club="" country="DE" egfPin="" ffgLicence="" ffgLicenceStatus="" firstName="Mm" name="Marz-Marz" participating="11111111111111111111" rank="3D" rating="2300" ratingOrigin="INI" registeringStatus="FIN" smmsCorrection="0"/>
<Player agaExpirationDate="" agaId="" club="" country="FR" egfPin="" ffgLicence="" ffgLicenceStatus="" firstName="Mo" name="Berreby-Clergue" participating="11111111111111111111" rank="2D" rating="-900" ratingOrigin="INI" registeringStatus="FIN" smmsCorrection="0"/>
<Player agaExpirationDate="" agaId="" club="" country="CH" egfPin="" ffgLicence="" ffgLicenceStatus="" firstName="Mr" name="Golay-Morrison" participating="11111111111111111111" rank="1K" rating="2000" ratingOrigin="INI" registeringStatus="FIN" smmsCorrection="0"/>
<Player agaExpirationDate="" agaId="" club="" country="FR" egfPin="" ffgLicence="" ffgLicenceStatus="" firstName="Dd" name="Cornuejols-Karabadan" participating="11111111111111111111" rank="2D" rating="2200" ratingOrigin="INI" registeringStatus="FIN" smmsCorrection="0"/>
<Player agaExpirationDate="" agaId="" club="" country="UK" egfPin="" ffgLicence="" ffgLicenceStatus="" firstName="Nm" name="Regan-Cocke" participating="11111111111111111111" rank="2D" rating="2200" ratingOrigin="INI" registeringStatus="FIN" smmsCorrection="0"/>
<Player agaExpirationDate="" agaId="" club="" country="CZ" egfPin="" ffgLicence="" ffgLicenceStatus="" firstName="Kj" name="Zaloudkova-Hora" participating="11111111111111111111" rank="5D" rating="2500" ratingOrigin="INI" registeringStatus="FIN" smmsCorrection="0"/>
<Player agaExpirationDate="" agaId="" club="" country="" egfPin="" ffgLicence="" ffgLicenceStatus="" firstName="Ms" name="Boclé-Billouet" participating="11111111111111111111" rank="3D" rating="2300" ratingOrigin="INI" registeringStatus="FIN" smmsCorrection="0"/>
<Player agaExpirationDate="" agaId="" club="" country="FR" egfPin="" ffgLicence="" ffgLicenceStatus="" firstName="Cb" name="Vieilfaure-Papazoglu" participating="11111111111111111111" rank="1D" rating="-900" ratingOrigin="INI" registeringStatus="FIN" smmsCorrection="0"/>
<Player agaExpirationDate="" agaId="" club="" country="RU" egfPin="" ffgLicence="" ffgLicenceStatus="" firstName="Sa" name="Shikshina-Dinershteyn" participating="11111111111111111111" rank="7D" rating="2700" ratingOrigin="INI" registeringStatus="FIN" smmsCorrection="0"/>
<Player agaExpirationDate="" agaId="" club="" country="FR" egfPin="" ffgLicence="" ffgLicenceStatus="" firstName="Cp" name="Rioualen-Friggeri" participating="11111111111111111111" rank="3K" rating="-900" ratingOrigin="INI" registeringStatus="FIN" smmsCorrection="0"/>
<Player agaExpirationDate="" agaId="" club="" country="FR" egfPin="" ffgLicence="" ffgLicenceStatus="" firstName="Cx" name="Isserman-Lugol" participating="11111111111111111111" rank="1K" rating="2000" ratingOrigin="INI" registeringStatus="FIN" smmsCorrection="0"/>
<Player agaExpirationDate="" agaId="" club="" country="NL" egfPin="" ffgLicence="" ffgLicenceStatus="" firstName="Em" name="Buntsma-de Jong" participating="11111111111111111111" rank="1D" rating="2100" ratingOrigin="INI" registeringStatus="FIN" smmsCorrection="0"/>
<Player agaExpirationDate="" agaId="" club="" country="FR" egfPin="" ffgLicence="" ffgLicenceStatus="" firstName="Mf" name="Artigny-Wiethölter" participating="11111111111111111111" rank="5K" rating="1600" ratingOrigin="INI" registeringStatus="FIN" smmsCorrection="0"/>
<Player agaExpirationDate="" agaId="" club="" country="FI" egfPin="" ffgLicence="" ffgLicenceStatus="" firstName="Sm" name="Siivola-Siivola" participating="11111111111111111111" rank="2K" rating="1900" ratingOrigin="INI" registeringStatus="FIN" smmsCorrection="0"/>
</Players>
<Games/>
<TournamentParameterSet>
<GeneralParameterSet basicTime="60" beginDate="2012-06-02" canByoYomiTime="300" complementaryTimeSystem="SUDDENDEATH" director="" endDate="2012-06-03" fischerTime="10" genMMBar="9D" genMMFloor="30K" genMMS2ValueAbsent="1" genMMS2ValueBye="2" genNBW2ValueAbsent="0" genNBW2ValueBye="2" genRoundDownNBWMMS="true" komi="7.5" location="Lyon" name="European Pair Go Championship 2012" nbMovesCanTime="15" numberOfCategories="1" numberOfRounds="5" shortName="pairgo" size="19" stdByoYomiTime="30"/>
<HandicapParameterSet hdBasedOnMMS="false" hdCeiling="0" hdCorrection="0" hdNoHdRankThreshold="30K"/>
<PlacementParameterSet>
<PlacementCriteria>
<PlacementCriterion name="NBW" number="1"/>
<PlacementCriterion name="SOSW" number="2"/>
<PlacementCriterion name="SOSOSW" number="3"/>
<PlacementCriterion name="NULL" number="4"/>
<PlacementCriterion name="NULL" number="5"/>
<PlacementCriterion name="NULL" number="6"/>
</PlacementCriteria>
</PlacementParameterSet>
<PairingParameterSet paiBaAvoidDuplGame="500000000000000" paiBaBalanceWB="1000000" paiBaDeterministic="true" paiBaRandom="0" paiMaAdditionalPlacementCritSystem1="Rating" paiMaAdditionalPlacementCritSystem2="Rating" paiMaAvoidMixingCategories="0" paiMaDUDDLowerMode="MID" paiMaDUDDUpperMode="MID" paiMaDUDDWeight="100000000" paiMaLastRoundForSeedSystem1="2" paiMaMaximizeSeeding="5000000" paiMaMinimizeScoreDifference="100000000000" paiMaSeedSystem1="SPLITANDSLIP" paiSeAvoidSameGeo="0" paiSeDefSecCrit="20000000000000" paiSeMinimizeHandicap="0" paiSeNbWinsThresholdActive="true" paiSePreferMMSDiffRatherThanSameClub="0" paiSePreferMMSDiffRatherThanSameCountry="0" paiSeRankThreshold="30K" paiStandardNX1Factor="0.5"/>
</TournamentParameterSet>
<TeamTournamentParameterSet>
<TeamGeneralParameterSet teamSize="4"/>
<TeamPlacementParameterSet>
<PlacementCriteria>
<PlacementCriterion name="TEAMP" number="1"/>
<PlacementCriterion name="BDW" number="2"/>
<PlacementCriterion name="BDW3U" number="3"/>
<PlacementCriterion name="BDW2U" number="4"/>
<PlacementCriterion name="BDW1U" number="5"/>
<PlacementCriterion name="MNR" number="6"/>
</PlacementCriteria>
</TeamPlacementParameterSet>
</TeamTournamentParameterSet>
</Tournament>
