<?xml version="1.0" encoding="UTF-8" standalone="no"?>
<Tournament dataVersion="201">
<Players>
<Player agaExpirationDate="" agaId="" club="Brsv" country="RO" egfPin="10337261" ffgLicence="" ffgLicenceStatus="" firstName="Irina / Lucretiu" name="Suciu / Calota" participating="11111111111111111111" rank="2D" rating="1970" ratingOrigin="EGF" registeringStatus="FIN" smmsCorrection="0"/>
<Player agaExpirationDate="" agaId="" club="92An" country="FR" egfPin="14362018" ffgLicence="" ffgLicenceStatus="" firstName="Milena / Simon" name="Boclé / Billouet" participating="11111111111111111111" rank="3D" rating="2091" ratingOrigin="EGF" registeringStatus="FIN" smmsCorrection="0"/>
<Player agaExpirationDate="" agaId="" club="Bosh" country="FI" egfPin="10262791" ffgLicence="" ffgLicenceStatus="" firstName="Sinikka / Matti" name="Siivola / Siivola" participating="11111111111111111111" rank="1K" rating="908" ratingOrigin="EGF" registeringStatus="FIN" smmsCorrection="0"/>
<Player agaExpirationDate="" agaId="" club="69IN" country="FR" egfPin="12362064" ffgLicence="" ffgLicenceStatus="" firstName="Charlotte / Benjamin" name="Vielfaure / Papazoglou" participating="11111111111111111111" rank="1D" rating="1570" ratingOrigin="EGF" registeringStatus="FIN" smmsCorrection="0"/>
<Player agaExpirationDate="" agaId="" club="69Ly" country="FR" egfPin="16262301" ffgLicence="" ffgLicenceStatus="" firstName="Marilia / Louis" name="Daniel / Meckes" participating="11111111111111111111" rank="5K" rating="216" ratingOrigin="EGF" registeringStatus="FIN" smmsCorrection="0"/>
<Player agaExpirationDate="" agaId="" club="74Ch" country="RU" egfPin="10537087" ffgLicence="" ffgLicenceStatus="" firstName="Natalia / Dmitri" name="Kovaleva / Surin" participating="11111111111111111111" rank="5D" rating="2451" ratingOrigin="EGF" registeringStatus="FIN" smmsCorrection="0"/>
<Player agaExpirationDate="" agaId="" club="67SE" country="FR" egfPin="14586693" ffgLicence="" ffgLicenceStatus="" firstName="Ngoc-Trang / Antoine" name="Cao / Fenech" participating="11111111111111111111" rank="3D" rating="2000" ratingOrigin="EGF" registeringStatus="FIN" smmsCorrection="0"/>
<Player agaExpirationDate="" agaId="" club="Lau" country="CH" egfPin="13013583" ffgLicence="" ffgLicenceStatus="" firstName="Monique / Roberto" name="Golay / Morrison" participating="11111111111111111111" rank="1K" rating="1363" ratingOrigin="EGF" registeringStatus="FIN" smmsCorrection="0"/>
<Player agaExpirationDate="" agaId="" club="34Mo" country="FR" egfPin="10925376" ffgLicence="" ffgLicenceStatus="" firstName="Marie-Francoise / Etienne" name="Camps / Serres" participating="11111111111111111111" rank="5K" rating="773" ratingOrigin="EGF" registeringStatus="FIN" smmsCorrection="0"/>
<Player agaExpirationDate="" agaId="" club="69Ly" country="FR" egfPin="14525610" ffgLicence="" ffgLicenceStatus="" firstName="Marguerite / Frederik" name="Artigny / Wiethölter" participating="11111111111111111111" rank="6K" rating="1331" ratingOrigin="EGF" registeringStatus="FIN" smmsCorrection="0"/>
<Player agaExpirationDate="" agaId="" club="ADra" country="CZ" egfPin="10798106" ffgLicence="" ffgLicenceStatus="" firstName="Klara / Jan" name="Zaloudkova / Hora" participating="11111111111111111111" rank="4D" rating="2253" ratingOrigin="EGF" registeringStatus="FIN" smmsCorrection="0"/>
<Player agaExpirationDate="" agaId="" club="Epsm" country="UK" egfPin="12301146" ffgLicence="" ffgLicenceStatus="" firstName="Natasha / Matt" name="Regan / Cocke" participating="11111111111111111111" rank="2D" rating="1923" ratingOrigin="EGF" registeringStatus="FIN" smmsCorrection="0"/>
<Player agaExpirationDate="" agaId="" club="69Ly" country="FR" egfPin="12801426" ffgLicence="" ffgLicenceStatus="" firstName="Julie / Thomas" name="Artigny / Debarre" participating="11111111111111111111" rank="1D" rating="1708" ratingOrigin="EGF" registeringStatus="FIN" smmsCorrection="0"/>
<Player agaExpirationDate="" agaId="" club="69Ly" country="FR" egfPin="10350923" ffgLicence="" ffgLicenceStatus="" firstName="Marie-Claire / Pierre" name="Chaine / Colmez" participating="11111111111111111111" rank="3D" rating="2064" ratingOrigin="EGF" registeringStatus="FIN" smmsCorrection="0"/>
<Player agaExpirationDate="" agaId="" club="66Pe" country="FR" egfPin="10713384" ffgLicence="" ffgLicenceStatus="" firstName="Veronique / Jean" name="Lamour / Michel" participating="11111111111111111111" rank="1K" rating="1486" ratingOrigin="EGF" registeringStatus="FIN" smmsCorrection="0"/>
<Player agaExpirationDate="" agaId="" club="16Kz" country="RU" egfPin="10301236" ffgLicence="" ffgLicenceStatus="" firstName="Svetlana / Alexandr" name="Shikshina / Dinershteyn" participating="11111111111111111111" rank="7D" rating="2612" ratingOrigin="EGF" registeringStatus="FIN" smmsCorrection="0"/>
<Player agaExpirationDate="" agaId="" club="J" country="DE" egfPin="13062412" ffgLicence="" ffgLicenceStatus="" firstName="Manja / Michael" name="Marz / Marz" participating="11111111111111111111" rank="3D" rating="2283" ratingOrigin="EGF" registeringStatus="FIN" smmsCorrection="0"/>
<Player agaExpirationDate="" agaId="" club="13Ma" country="FR" egfPin="13986368" ffgLicence="" ffgLicenceStatus="" firstName="Claire / Pascal" name="Rioualen / Friggeri" participating="11111111111111111111" rank="4K" rating="1347" ratingOrigin="EGF" registeringStatus="FIN" smmsCorrection="0"/>
<Player agaExpirationDate="" agaId="" club="34Mo" country="FR" egfPin="12462802" ffgLicence="" ffgLicenceStatus="" firstName="Catherine / Xavier" name="Isserman / Lugol" participating="11111111111111111111" rank="2K" rating="1275" ratingOrigin="EGF" registeringStatus="FIN" smmsCorrection="0"/>
<Player agaExpirationDate="" agaId="" club="Bist" country="RO" egfPin="12698620" ffgLicence="" ffgLicenceStatus="" firstName="Laura / Lucian" name="Avram / Corlan" participating="11111111111111111111" rank="3D" rating="2180" ratingOrigin="EGF" registeringStatus="FIN" smmsCorrection="0"/>
<Player agaExpirationDate="" agaId="" club="Krak" country="PL" egfPin="13862167" ffgLicence="" ffgLicenceStatus="" firstName="Katarzyna / Marek" name="Mazurek / Kaminski" participating="11111111111111111111" rank="2K" rating="1826" ratingOrigin="EGF" registeringStatus="FIN" smmsCorrection="0"/>
<Player agaExpirationDate="" agaId="" club="Arnh" country="NL" egfPin="10250845" ffgLicence="" ffgLicenceStatus="" firstName="Els / Merijn" name="Buntsma / de Jong" participating="11111111111111111111" rank="1K" rating="1663" ratingOrigin="EGF" registeringStatus="FIN" smmsCorrection="0"/>
<Player agaExpirationDate="" agaId="" club="92BB" country="FR" egfPin="13098371" ffgLicence="" ffgLicenceStatus="" firstName="Julie / Thomas" name="Gauthier / Leclerc" participating="11111111111111111111" rank="5K" rating="1241" ratingOrigin="EGF" registeringStatus="FIN" smmsCorrection="0"/>
<Player agaExpirationDate="" agaId="" club="13Ma" country="FR" egfPin="10374562" ffgLicence="" ffgLicenceStatus="" firstName="Monique / Olivier" name="Berreby / Clergue" participating="11111111111111111111" rank="2D" rating="1952" ratingOrigin="EGF" registeringStatus="FIN" smmsCorrection="0"/>
<Player agaExpirationDate="" agaId="" club="38Gr" country="FR" egfPin="10913210" ffgLicence="" ffgLicenceStatus="" firstName="Dominique / Denis" name="Cornuejols / Karadaban" participating="11111111111111111111" rank="1D" rating="2014" ratingOrigin="EGF" registeringStatus="FIN" smmsCorrection="0"/>
</Players>
<Games>
<Game blackPlayer="SHIKSHINA/DINERSHTEYNSVETLANA/ALEXANDR" handicap="0" knownColor="true" result="RESULT_UNKNOWN" roundNumber="1" tableNumber="1" whitePlayer="VIELFAURE/PAPAZOGLOUCHARLOTTE/BENJAMIN"/>
<Game blackPlayer="KOVALEVA/SURINNATALIA/DMITRI" handicap="0" knownColor="true" result="RESULT_UNKNOWN" roundNumber="1" tableNumber="2" whitePlayer="BERREBY/CLERGUEMONIQUE/OLIVIER"/>
<Game blackPlayer="ARTIGNY/DEBARREJULIE/THOMAS" handicap="0" knownColor="true" result="RESULT_UNKNOWN" roundNumber="1" tableNumber="3" whitePlayer="MARZ/MARZMANJA/MICHAEL"/>
<Game blackPlayer="ZALOUDKOVA/HORAKLARA/JAN" handicap="0" knownColor="true" result="RESULT_UNKNOWN" roundNumber="1" tableNumber="4" whitePlayer="REGAN/COCKENATASHA/MATT"/>
<Game blackPlayer="SUCIU/CALOTAIRINA/LUCRETIU" handicap="0" knownColor="true" result="RESULT_UNKNOWN" roundNumber="1" tableNumber="5" whitePlayer="AVRAM/CORLANLAURA/LUCIAN"/>
<Game blackPlayer="BOCLÉ/BILLOUETMILENA/SIMON" handicap="0" knownColor="true" result="RESULT_UNKNOWN" roundNumber="1" tableNumber="6" whitePlayer="CAO/FENECHNGOC-TRANG/ANTOINE"/>
<Game blackPlayer="CORNUEJOLS/KARADABANDOMINIQUE/DENIS" handicap="0" knownColor="true" result="RESULT_UNKNOWN" roundNumber="1" tableNumber="7" whitePlayer="CHAINE/COLMEZMARIE-CLAIRE/PIERRE"/>
<Game blackPlayer="MAZUREK/KAMINSKIKATARZYNA/MAREK" handicap="0" knownColor="true" result="RESULT_UNKNOWN" roundNumber="1" tableNumber="8" whitePlayer="CAMPS/SERRESMARIE-FRANCOISE/ETIENNE"/>
<Game blackPlayer="DANIEL/MECKESMARILIA/LOUIS" handicap="0" knownColor="true" result="RESULT_UNKNOWN" roundNumber="1" tableNumber="9" whitePlayer="BUNTSMA/DEJONGELS/MERIJN"/>
<Game blackPlayer="ISSERMAN/LUGOLCATHERINE/XAVIER" handicap="0" knownColor="true" result="RESULT_UNKNOWN" roundNumber="1" tableNumber="10" whitePlayer="LAMOUR/MICHELVERONIQUE/JEAN"/>
<Game blackPlayer="GOLAY/MORRISONMONIQUE/ROBERTO" handicap="0" knownColor="true" result="RESULT_UNKNOWN" roundNumber="1" tableNumber="11" whitePlayer="GAUTHIER/LECLERCJULIE/THOMAS"/>
<Game blackPlayer="RIOUALEN/FRIGGERICLAIRE/PASCAL" handicap="0" knownColor="true" result="RESULT_UNKNOWN" roundNumber="1" tableNumber="12" whitePlayer="SIIVOLA/SIIVOLASINIKKA/MATTI"/>
</Games>
<ByePlayers>
<ByePlayer player="ARTIGNY/WIETHÖLTERMARGUERITE/FREDERIK" roundNumber="1"/>
</ByePlayers>
<TournamentParameterSet>
<GeneralParameterSet basicTime="60" beginDate="2012-06-02" canByoYomiTime="300" complementaryTimeSystem="SUDDENDEATH" director="" endDate="2012-06-03" fischerTime="10" genMMBar="1D" genMMFloor="1K" genMMS2ValueAbsent="1" genMMS2ValueBye="2" genNBW2ValueAbsent="0" genNBW2ValueBye="2" genRoundDownNBWMMS="true" komi="7.5" location="Lyon" name="European Pair go championship 2012" nbMovesCanTime="15" numberOfCategories="1" numberOfRounds="6" shortName="pairgo_european_2012" size="19" stdByoYomiTime="30"/>
<HandicapParameterSet hdBasedOnMMS="true" hdCeiling="0" hdCorrection="1" hdNoHdRankThreshold="1D"/>
<PlacementParameterSet>
<PlacementCriteria>
<PlacementCriterion name="MMS" number="1"/>
<PlacementCriterion name="SOSM" number="2"/>
<PlacementCriterion name="SOSOSM" number="3"/>
<PlacementCriterion name="NULL" number="4"/>
<PlacementCriterion name="NULL" number="5"/>
<PlacementCriterion name="NULL" number="6"/>
</PlacementCriteria>
</PlacementParameterSet>
<PairingParameterSet paiBaAvoidDuplGame="500000000000000" paiBaBalanceWB="1000000" paiBaDeterministic="true" paiBaRandom="0" paiMaAdditionalPlacementCritSystem1="Rating" paiMaAdditionalPlacementCritSystem2="NULL" paiMaAvoidMixingCategories="0" paiMaDUDDLowerMode="MID" paiMaDUDDUpperMode="MID" paiMaDUDDWeight="100000000" paiMaLastRoundForSeedSystem1="2" paiMaMaximizeSeeding="5000000" paiMaMinimizeScoreDifference="100000000000" paiMaSeedSystem1="SPLITANDRANDOM" paiSeAvoidSameGeo="100000000000" paiSeDefSecCrit="100000000000" paiSeMinimizeHandicap="0" paiSeNbWinsThresholdActive="false" paiSePreferMMSDiffRatherThanSameClub="3" paiSePreferMMSDiffRatherThanSameCountry="1" paiSeRankThreshold="1D" paiStandardNX1Factor="0.5"/>
</TournamentParameterSet>
<TeamTournamentParameterSet>
<TeamGeneralParameterSet teamSize="4"/>
<TeamPlacementParameterSet>
<PlacementCriteria>
<PlacementCriterion name="TEAMP" number="1"/>
<PlacementCriterion name="BDW" number="2"/>
<PlacementCriterion name="BDW3U" number="3"/>
<PlacementCriterion name="BDW2U" number="4"/>
<PlacementCriterion name="BDW1U" number="5"/>
<PlacementCriterion name="MNR" number="6"/>
</PlacementCriteria>
</TeamPlacementParameterSet>
</TeamTournamentParameterSet>
</Tournament>
