<?xml version="1.0" encoding="UTF-8" standalone="no"?>
<Tournament dataVersion="201">
<Players>
<Player agaExpirationDate="" agaId="" club="21Di" country="" egfPin="" ffgLicence="9183002" ffgLicenceStatus="L" firstName="Henri" name="Gauthier" participating="11111111111111111111" rank="1D" rating="2111" ratingOrigin="FFG" registeringStatus="FIN" smmsCorrection="0"/>
<Player agaExpirationDate="" agaId="" club="90Be" country="FR" egfPin="10949829" ffgLicence="" ffgLicenceStatus="" firstName="Michel" name="Meyer" participating="11111111111111111111" rank="6K" rating="1342" ratingOrigin="EGF" registeringStatus="FIN" smmsCorrection="0"/>
<Player agaExpirationDate="" agaId="" club="67SE" country="FR" egfPin="" ffgLicence="" ffgLicenceStatus="" firstName="Quentin" name="Didier" participating="11111111111111111111" rank="15K" rating="600" ratingOrigin="INI" registeringStatus="FIN" smmsCorrection="0"/>
<Player agaExpirationDate="" agaId="" club="67SE" country="FR" egfPin="10301918" ffgLicence="" ffgLicenceStatus="" firstName="Alain" name="Fiacre" participating="11111111111111111111" rank="3K" rating="1834" ratingOrigin="EGF" registeringStatus="FIN" smmsCorrection="0"/>
<Player agaExpirationDate="" agaId="" club="84Av" country="" egfPin="" ffgLicence="1000373" ffgLicenceStatus="L" firstName="Angelino" name="Moccelin" participating="11011111111111111111" rank="3K" rating="1805" ratingOrigin="FFG" registeringStatus="FIN" smmsCorrection="0"/>
<Player agaExpirationDate="" agaId="" club="67SE" country="" egfPin="" ffgLicence="1000214" ffgLicenceStatus="L" firstName="Fabrice" name="Koehl" participating="11011111111111111111" rank="3K" rating="1821" ratingOrigin="FFG" registeringStatus="FIN" smmsCorrection="0"/>
<Player agaExpirationDate="" agaId="" club="67SE" country="FR" egfPin="10349350" ffgLicence="" ffgLicenceStatus="" firstName="Antoine" name="Fenech" participating="11111111111111111111" rank="5D" rating="2432" ratingOrigin="EGF" registeringStatus="FIN" smmsCorrection="0"/>
<Player agaExpirationDate="" agaId="" club="21Di" country="" egfPin="" ffgLicence="0700304" ffgLicenceStatus="L" firstName="Vincent" name="Mugnier" participating="11111111111111111111" rank="2D" rating="2211" ratingOrigin="FFG" registeringStatus="FIN" smmsCorrection="1"/>
<Player agaExpirationDate="" agaId="" club="75Al" country="FR" egfPin="14913206" ffgLicence="" ffgLicenceStatus="" firstName="Benjamin" name="Blanchard" participating="11111111111111111111" rank="3D" rating="2255" ratingOrigin="EGF" registeringStatus="FIN" smmsCorrection="0"/>
<Player agaExpirationDate="" agaId="" club="67SE" country="FR" egfPin="15637457" ffgLicence="" ffgLicenceStatus="" firstName="Marien" name="Ritzenthaler" participating="11111111111111111111" rank="7K" rating="1503" ratingOrigin="EGF" registeringStatus="FIN" smmsCorrection="0"/>
<Player agaExpirationDate="" agaId="" club="" country="JP" egfPin="" ffgLicence="0700435" ffgLicenceStatus="-" firstName="Hiroaki" name="Otawa" participating="11111111111111111111" rank="8K" rating="550" ratingOrigin="FFG" registeringStatus="FIN" smmsCorrection="0"/>
<Player agaExpirationDate="" agaId="" club="67SE" country="FR" egfPin="14933710" ffgLicence="" ffgLicenceStatus="" firstName="Christophe" name="Averous" participating="11111111111111111111" rank="4K" rating="1699" ratingOrigin="EGF" registeringStatus="FIN" smmsCorrection="0"/>
<Player agaExpirationDate="" agaId="" club="54Na" country="FR" egfPin="15398746" ffgLicence="" ffgLicenceStatus="" firstName="Guillaume" name="Weckering" participating="11111111111111111111" rank="4K" rating="1556" ratingOrigin="EGF" registeringStatus="FIN" smmsCorrection="0"/>
<Player agaExpirationDate="" agaId="" club="75Al" country="FR" egfPin="10625549" ffgLicence="" ffgLicenceStatus="" firstName="Marc" name="Jourdan" participating="11111111111111111111" rank="6K" rating="1469" ratingOrigin="EGF" registeringStatus="FIN" smmsCorrection="0"/>
<Player agaExpirationDate="" agaId="" club="67SE" country="FR" egfPin="15362721" ffgLicence="" ffgLicenceStatus="" firstName="Benjamin" name="Chetioui" participating="11111111111111111111" rank="2D" rating="2173" ratingOrigin="EGF" registeringStatus="FIN" smmsCorrection="-1"/>
<Player agaExpirationDate="" agaId="" club="CSRB" country="RO" egfPin="10313402" ffgLicence="" ffgLicenceStatus="" firstName="Petru" name="Oancea" participating="11111111111111111111" rank="4D" rating="2315" ratingOrigin="EGF" registeringStatus="FIN" smmsCorrection="0"/>
<Player agaExpirationDate="" agaId="" club="67SE" country="" egfPin="" ffgLicence="1200247" ffgLicenceStatus="L" firstName="Christian" name="Lauverjat" participating="11111111111111111111" rank="10K" rating="1100" ratingOrigin="FFG" registeringStatus="FIN" smmsCorrection="0"/>
<Player agaExpirationDate="" agaId="" club="" country="JP" egfPin="" ffgLicence="" ffgLicenceStatus="" firstName="Ryoichi" name="Katoh" participating="11111111111111111111" rank="9K" rating="1200" ratingOrigin="INI" registeringStatus="FIN" smmsCorrection="0"/>
<Player agaExpirationDate="" agaId="" club="NamB" country="ES" egfPin="15250059" ffgLicence="" ffgLicenceStatus="" firstName="Yue" name="Li" participating="11111111111111111111" rank="5D" rating="2515" ratingOrigin="EGF" registeringStatus="FIN" smmsCorrection="0"/>
<Player agaExpirationDate="" agaId="" club="54Na" country="FR" egfPin="15937537" ffgLicence="" ffgLicenceStatus="" firstName="Jerome" name="Varinot" participating="11111111111111111111" rank="10K" rating="1085" ratingOrigin="EGF" registeringStatus="FIN" smmsCorrection="0"/>
<Player agaExpirationDate="" agaId="" club="67SE" country="" egfPin="" ffgLicence="0700467" ffgLicenceStatus="L" firstName="Ngoc-Trang" name="Cao" participating="11111111111111111111" rank="1D" rating="2053" ratingOrigin="FFG" registeringStatus="FIN" smmsCorrection="0"/>
<Player agaExpirationDate="" agaId="" club="67SE" country="FR" egfPin="15049012" ffgLicence="" ffgLicenceStatus="" firstName="Vladimir" name="Koskin" participating="11011111111111111111" rank="5K" rating="1607" ratingOrigin="EGF" registeringStatus="FIN" smmsCorrection="0"/>
<Player agaExpirationDate="" agaId="" club="Nijm" country="NL" egfPin="10201598" ffgLicence="" ffgLicenceStatus="" firstName="Gilles_van" name="Eeden" participating="11111111111111111111" rank="6D" rating="2521" ratingOrigin="EGF" registeringStatus="FIN" smmsCorrection="0"/>
<Player agaExpirationDate="" agaId="" club="LU" country="DE" egfPin="14798520" ffgLicence="" ffgLicenceStatus="" firstName="Leon" name="Stauder" participating="11111111111111111111" rank="3D" rating="2253" ratingOrigin="EGF" registeringStatus="FIN" smmsCorrection="0"/>
<Player agaExpirationDate="" agaId="" club="67SE" country="FR" egfPin="12674321" ffgLicence="" ffgLicenceStatus="" firstName="Kevin" name="Sbai" participating="11111111111111111111" rank="3D" rating="2249" ratingOrigin="EGF" registeringStatus="FIN" smmsCorrection="0"/>
<Player agaExpirationDate="" agaId="" club="MA" country="DE" egfPin="14337873" ffgLicence="" ffgLicenceStatus="" firstName="Ulf" name="Pfitzenreiter" participating="11111111111111111111" rank="6K" rating="1427" ratingOrigin="EGF" registeringStatus="FIN" smmsCorrection="0"/>
<Player agaExpirationDate="" agaId="" club="67SE" country="FR" egfPin="15874309" ffgLicence="" ffgLicenceStatus="" firstName="Mehdi" name="Medjmadj" participating="11111111111111111111" rank="6K" rating="1388" ratingOrigin="EGF" registeringStatus="FIN" smmsCorrection="0"/>
<Player agaExpirationDate="" agaId="" club="57Me" country="FR" egfPin="15313749" ffgLicence="" ffgLicenceStatus="" firstName="Emerick" name="Lacan" participating="11111111111111111111" rank="4K" rating="1582" ratingOrigin="EGF" registeringStatus="FIN" smmsCorrection="0"/>
<Player agaExpirationDate="" agaId="" club="67Se" country="FR" egfPin="10733085" ffgLicence="" ffgLicenceStatus="" firstName="Gregory" name="Adjiage" participating="11111111111111111111" rank="2K" rating="1873" ratingOrigin="EGF" registeringStatus="FIN" smmsCorrection="0"/>
<Player agaExpirationDate="" agaId="" club="MA" country="DE" egfPin="16425431" ffgLicence="" ffgLicenceStatus="" firstName="Nico" name="Chiaro" participating="11111111111111111111" rank="12K" rating="655" ratingOrigin="EGF" registeringStatus="FIN" smmsCorrection="0"/>
<Player agaExpirationDate="" agaId="" club="67SE" country="FR" egfPin="12874356" ffgLicence="" ffgLicenceStatus="" firstName="Motoki" name="Noguchi" participating="11111111111111111111" rank="6D" rating="2649" ratingOrigin="EGF" registeringStatus="FIN" smmsCorrection="0"/>
<Player agaExpirationDate="" agaId="" club="57Me" country="FR" egfPin="14998995" ffgLicence="" ffgLicenceStatus="" firstName="Pierre-Alain" name="Willaume" participating="11111111111111111111" rank="6K" rating="1390" ratingOrigin="EGF" registeringStatus="FIN" smmsCorrection="0"/>
<Player agaExpirationDate="" agaId="" club="54Na" country="FR" egfPin="15313738" ffgLicence="" ffgLicenceStatus="" firstName="Geoffrey" name="Crespino" participating="11111111111111111111" rank="4K" rating="1509" ratingOrigin="EGF" registeringStatus="FIN" smmsCorrection="0"/>
<Player agaExpirationDate="" agaId="" club="35Re" country="FR" egfPin="10733712" ffgLicence="" ffgLicenceStatus="" firstName="Benjamin" name="Papazoglou" participating="11111111111111111111" rank="5D" rating="2482" ratingOrigin="EGF" registeringStatus="FIN" smmsCorrection="0"/>
<Player agaExpirationDate="" agaId="" club="DA" country="DE" egfPin="13986423" ffgLicence="" ffgLicenceStatus="" firstName="Pascal" name="Mueller" participating="00011111111111111111" rank="2D" rating="2156" ratingOrigin="EGF" registeringStatus="FIN" smmsCorrection="0"/>
<Player agaExpirationDate="" agaId="" club="MA" country="DE" egfPin="14786519" ffgLicence="" ffgLicenceStatus="" firstName="Andreas" name="Gypser" participating="11111111111111111111" rank="8K" rating="1349" ratingOrigin="EGF" registeringStatus="FIN" smmsCorrection="0"/>
<Player agaExpirationDate="" agaId="" club="HD" country="DE" egfPin="14225035" ffgLicence="" ffgLicenceStatus="" firstName="Juergen" name="Romainczyk" participating="11111111111111111111" rank="6K" rating="1532" ratingOrigin="EGF" registeringStatus="FIN" smmsCorrection="0"/>
<Player agaExpirationDate="" agaId="" club="Ber" country="CH" egfPin="15201857" ffgLicence="" ffgLicenceStatus="" firstName="Stefan" name="Berner" participating="11111111111111111111" rank="9K" rating="925" ratingOrigin="EGF" registeringStatus="FIN" smmsCorrection="0"/>
<Player agaExpirationDate="" agaId="" club="67SE" country="FR" egfPin="12950872" ffgLicence="" ffgLicenceStatus="" firstName="Thomas" name="Debarre" participating="11111111111111111111" rank="6D" rating="2603" ratingOrigin="EGF" registeringStatus="FIN" smmsCorrection="0"/>
<Player agaExpirationDate="" agaId="" club="Zur" country="CH" egfPin="12062193" ffgLicence="" ffgLicenceStatus="" firstName="Thomas" name="Koller" participating="11111111111111111111" rank="2K" rating="1851" ratingOrigin="EGF" registeringStatus="FIN" smmsCorrection="0"/>
<Player agaExpirationDate="" agaId="" club="67SE" country="" egfPin="" ffgLicence="0388754" ffgLicenceStatus="L" firstName="Loïc" name="Cuvillon" participating="10101111111111111111" rank="9K" rating="1222" ratingOrigin="FFG" registeringStatus="FIN" smmsCorrection="0"/>
<Player agaExpirationDate="" agaId="" club="67SE" country="FR" egfPin="12849287" ffgLicence="" ffgLicenceStatus="" firstName="Victor" name="Blanloeil" participating="11111111111111111111" rank="2K" rating="1954" ratingOrigin="EGF" registeringStatus="FIN" smmsCorrection="0"/>
<Player agaExpirationDate="" agaId="" club="67SE" country="fr" egfPin="" ffgLicence="" ffgLicenceStatus="" firstName="Olivier" name="Elophe" participating="11001111111111111111" rank="8K" rating="1300" ratingOrigin="INI" registeringStatus="FIN" smmsCorrection="0"/>
<Player agaExpirationDate="" agaId="" club="57Me" country="FR" egfPin="16413683" ffgLicence="" ffgLicenceStatus="" firstName="Nicolas" name="Lassalle" participating="11111111111111111111" rank="12K" rating="927" ratingOrigin="EGF" registeringStatus="FIN" smmsCorrection="0"/>
<Player agaExpirationDate="" agaId="" club="54Na" country="FR" egfPin="16486591" ffgLicence="" ffgLicenceStatus="" firstName="Yannis" name="Henry" participating="11111111111111111111" rank="10K" rating="1021" ratingOrigin="EGF" registeringStatus="FIN" smmsCorrection="0"/>
<Player agaExpirationDate="" agaId="" club="75Pa" country="FR" egfPin="13674705" ffgLicence="" ffgLicenceStatus="" firstName="Oussama" name="Gasmi" participating="11111111111111111111" rank="3K" rating="1639" ratingOrigin="EGF" registeringStatus="FIN" smmsCorrection="0"/>
<Player agaExpirationDate="" agaId="" club="MA" country="DE" egfPin="14586748" ffgLicence="" ffgLicenceStatus="" firstName="Thomas" name="Breitling" participating="11111111111111111111" rank="6K" rating="1521" ratingOrigin="EGF" registeringStatus="FIN" smmsCorrection="0"/>
<Player agaExpirationDate="" agaId="" club="67SE" country="FR" egfPin="10949356" ffgLicence="" ffgLicenceStatus="" firstName="Takahisa" name="Kikuchi" participating="11111111111111111111" rank="3D" rating="2084" ratingOrigin="EGF" registeringStatus="FIN" smmsCorrection="0"/>
<Player agaExpirationDate="" agaId="" club="67SE" country="FR" egfPin="" ffgLicence="" ffgLicenceStatus="" firstName="Youssef" name="el-Moussaou" participating="11111111111111111111" rank="12K" rating="900" ratingOrigin="INI" registeringStatus="FIN" smmsCorrection="0"/>
<Player agaExpirationDate="" agaId="" club="" country="JP" egfPin="" ffgLicence="" ffgLicenceStatus="" firstName="Takebumi" name="Watanabe" participating="11111111111111111111" rank="4D" rating="2400" ratingOrigin="INI" registeringStatus="FIN" smmsCorrection="0"/>
<Player agaExpirationDate="" agaId="" club="57Me" country="FR" egfPin="15733982" ffgLicence="" ffgLicenceStatus="" firstName="Jean-Baptiste" name="Laporte" participating="11111111111111111111" rank="9K" rating="1190" ratingOrigin="EGF" registeringStatus="FIN" smmsCorrection="0"/>
<Player agaExpirationDate="" agaId="" club="21Di" country="" egfPin="" ffgLicence="0800523" ffgLicenceStatus="L" firstName="Thibault" name="Gauthier" participating="11111111111111111111" rank="3D" rating="2293" ratingOrigin="FFG" registeringStatus="FIN" smmsCorrection="0"/>
<Player agaExpirationDate="" agaId="" club="67SE" country="FR" egfPin="16001359" ffgLicence="" ffgLicenceStatus="" firstName="Jean-Charles" name="Golomb" participating="11111111111111111111" rank="6K" rating="1510" ratingOrigin="EGF" registeringStatus="FIN" smmsCorrection="0"/>
<Player agaExpirationDate="" agaId="" club="67SE" country="FR" egfPin="13033504" ffgLicence="" ffgLicenceStatus="" firstName="Patrick" name="Lepelletier" participating="11111111111111111111" rank="1K" rating="1710" ratingOrigin="EGF" registeringStatus="FIN" smmsCorrection="0"/>
<Player agaExpirationDate="" agaId="" club="54Na" country="FR" egfPin="14933996" ffgLicence="" ffgLicenceStatus="" firstName="Simon" name="Decelle" participating="11111111111111111111" rank="1K" rating="2029" ratingOrigin="EGF" registeringStatus="FIN" smmsCorrection="0"/>
<Player agaExpirationDate="" agaId="" club="67SE" country="FR" egfPin="14950705" ffgLicence="" ffgLicenceStatus="" firstName="Pierre" name="Averous" participating="11111111111111111111" rank="1K" rating="1921" ratingOrigin="EGF" registeringStatus="FIN" smmsCorrection="0"/>
<Player agaExpirationDate="" agaId="" club="67SE" country="FR" egfPin="15350720" ffgLicence="" ffgLicenceStatus="" firstName="Gabriel" name="Aussibal" participating="11111111111111111111" rank="3K" rating="1799" ratingOrigin="EGF" registeringStatus="FIN" smmsCorrection="0"/>
<Player agaExpirationDate="" agaId="" club="54Na" country="" egfPin="" ffgLicence="0411000" ffgLicenceStatus="L" firstName="Eric" name="le_Morvan" participating="11111111111111111111" rank="1K" rating="1984" ratingOrigin="FFG" registeringStatus="FIN" smmsCorrection="0"/>
<Player agaExpirationDate="" agaId="" club="Zur" country="CH" egfPin="13833930" ffgLicence="" ffgLicenceStatus="" firstName="Seok-Bin" name="Cho" participating="11111111111111111111" rank="8D" rating="2780" ratingOrigin="EGF" registeringStatus="FIN" smmsCorrection="0"/>
<Player agaExpirationDate="" agaId="" club="M" country="DE" egfPin="12825945" ffgLicence="" ffgLicenceStatus="" firstName="Jun" name="Tarumi" participating="11111111111111111111" rank="5D" rating="2519" ratingOrigin="EGF" registeringStatus="FIN" smmsCorrection="0"/>
<Player agaExpirationDate="" agaId="" club="xxxx" country="DE" egfPin="16401682" ffgLicence="" ffgLicenceStatus="" firstName="Osamu" name="Katoh" participating="11111111111111111111" rank="10K" rating="1025" ratingOrigin="EGF" registeringStatus="FIN" smmsCorrection="0"/>
<Player agaExpirationDate="" agaId="" club="35Re" country="FR" egfPin="14613082" ffgLicence="" ffgLicenceStatus="" firstName="Jean-Marie" name="Desjobert" participating="11111111111111111111" rank="6K" rating="1470" ratingOrigin="EGF" registeringStatus="FIN" smmsCorrection="0"/>
</Players>
<Games>
<Game blackPlayer="KIKUCHITAKAHISA" handicap="0" knownColor="true" result="RESULT_WHITEWINS" roundNumber="1" tableNumber="1" whitePlayer="CHOSEOK-BIN"/>
<Game blackPlayer="OANCEAPETRU" handicap="0" knownColor="true" result="RESULT_WHITEWINS" roundNumber="1" tableNumber="2" whitePlayer="NOGUCHIMOTOKI"/>
<Game blackPlayer="DEBARRETHOMAS" handicap="0" knownColor="true" result="RESULT_BLACKWINS" roundNumber="1" tableNumber="3" whitePlayer="BLANCHARDBENJAMIN"/>
<Game blackPlayer="GAUTHIERTHIBAULT" handicap="0" knownColor="true" result="RESULT_WHITEWINS" roundNumber="1" tableNumber="4" whitePlayer="EEDENGILLES_VAN"/>
<Game blackPlayer="TARUMIJUN" handicap="0" knownColor="true" result="RESULT_WHITEWINS" roundNumber="1" tableNumber="5" whitePlayer="WATANABETAKEBUMI"/>
<Game blackPlayer="LIYUE" handicap="0" knownColor="true" result="RESULT_BLACKWINS" roundNumber="1" tableNumber="6" whitePlayer="MUGNIERVINCENT"/>
<Game blackPlayer="PAPAZOGLOUBENJAMIN" handicap="0" knownColor="true" result="RESULT_WHITEWINS" roundNumber="1" tableNumber="7" whitePlayer="STAUDERLEON"/>
<Game blackPlayer="FENECHANTOINE" handicap="0" knownColor="true" result="RESULT_WHITEWINS" roundNumber="1" tableNumber="8" whitePlayer="SBAIKEVIN"/>
<Game blackPlayer="GAUTHIERHENRI" handicap="0" knownColor="true" result="RESULT_BLACKWINS" roundNumber="1" tableNumber="9" whitePlayer="CHETIOUIBENJAMIN"/>
<Game blackPlayer="DECELLESIMON" handicap="0" knownColor="true" result="RESULT_BLACKWINS" roundNumber="1" tableNumber="10" whitePlayer="CAONGOC-TRANG"/>
<Game blackPlayer="AVEROUSPIERRE" handicap="0" knownColor="true" result="RESULT_BLACKWINS" roundNumber="1" tableNumber="11" whitePlayer="LE_MORVANERIC"/>
<Game blackPlayer="ADJIAGEGREGORY" handicap="0" knownColor="true" result="RESULT_WHITEWINS" roundNumber="1" tableNumber="12" whitePlayer="LEPELLETIERPATRICK"/>
<Game blackPlayer="KOLLERTHOMAS" handicap="0" knownColor="true" result="RESULT_WHITEWINS" roundNumber="1" tableNumber="13" whitePlayer="BLANLOEILVICTOR"/>
<Game blackPlayer="MOCCELINANGELINO" handicap="0" knownColor="true" result="RESULT_BLACKWINS" roundNumber="1" tableNumber="14" whitePlayer="FIACREALAIN"/>
<Game blackPlayer="KOEHLFABRICE" handicap="0" knownColor="true" result="RESULT_WHITEWINS" roundNumber="1" tableNumber="15" whitePlayer="GASMIOUSSAMA"/>
<Game blackPlayer="LACANEMERICK" handicap="0" knownColor="true" result="RESULT_WHITEWINS" roundNumber="1" tableNumber="16" whitePlayer="AUSSIBALGABRIEL"/>
<Game blackPlayer="CRESPINOGEOFFREY" handicap="0" knownColor="true" result="RESULT_BLACKWINS" roundNumber="1" tableNumber="18" whitePlayer="KOSKINVLADIMIR"/>
<Game blackPlayer="WECKERINGGUILLAUME" handicap="0" knownColor="true" result="RESULT_BLACKWINS" roundNumber="1" tableNumber="17" whitePlayer="AVEROUSCHRISTOPHE"/>
<Game blackPlayer="JOURDANMARC" handicap="0" knownColor="true" result="RESULT_WHITEWINS" roundNumber="1" tableNumber="20" whitePlayer="BREITLINGTHOMAS"/>
<Game blackPlayer="ROMAINCZYKJUERGEN" handicap="0" knownColor="true" result="RESULT_BLACKWINS" roundNumber="1" tableNumber="19" whitePlayer="WILLAUMEPIERRE-ALAIN"/>
<Game blackPlayer="DESJOBERTJEAN-MARIE" handicap="0" knownColor="true" result="RESULT_BLACKWINS" roundNumber="1" tableNumber="22" whitePlayer="MEDJMADJMEHDI"/>
<Game blackPlayer="GOLOMBJEAN-CHARLES" handicap="0" knownColor="true" result="RESULT_BLACKWINS" roundNumber="1" tableNumber="21" whitePlayer="PFITZENREITERULF"/>
<Game blackPlayer="GYPSERANDREAS" handicap="0" knownColor="true" result="RESULT_BLACKWINS" roundNumber="1" tableNumber="24" whitePlayer="RITZENTHALERMARIEN"/>
<Game blackPlayer="MEYERMICHEL" handicap="0" knownColor="true" result="RESULT_WHITEWINS" roundNumber="1" tableNumber="23" whitePlayer="ELOPHEOLIVIER"/>
<Game blackPlayer="BERNERSTEFAN" handicap="0" knownColor="true" result="RESULT_WHITEWINS" roundNumber="1" tableNumber="26" whitePlayer="KATOHRYOICHI"/>
<Game blackPlayer="OTAWAHIROAKI" handicap="0" knownColor="true" result="RESULT_WHITEWINS" roundNumber="1" tableNumber="25" whitePlayer="LAPORTEJEAN-BAPTISTE"/>
<Game blackPlayer="VARINOTJEROME" handicap="0" knownColor="true" result="RESULT_BLACKWINS" roundNumber="1" tableNumber="28" whitePlayer="KATOHOSAMU"/>
<Game blackPlayer="LAUVERJATCHRISTIAN" handicap="0" knownColor="true" result="RESULT_BLACKWINS" roundNumber="1" tableNumber="27" whitePlayer="HENRYYANNIS"/>
<Game blackPlayer="DIDIERQUENTIN" handicap="0" knownColor="true" result="RESULT_WHITEWINS" roundNumber="1" tableNumber="30" whitePlayer="CHIARONICO"/>
<Game blackPlayer="EL-MOUSSAOUYOUSSEF" handicap="0" knownColor="true" result="RESULT_WHITEWINS" roundNumber="1" tableNumber="29" whitePlayer="LASSALLENICOLAS"/>
<Game blackPlayer="LEPELLETIERPATRICK" handicap="0" knownColor="true" result="RESULT_WHITEWINS" roundNumber="2" tableNumber="11" whitePlayer="DECELLESIMON"/>
<Game blackPlayer="LE_MORVANERIC" handicap="0" knownColor="true" result="RESULT_WHITEWINS" roundNumber="2" tableNumber="12" whitePlayer="BLANLOEILVICTOR"/>
<Game blackPlayer="CAONGOC-TRANG" handicap="0" knownColor="true" result="RESULT_WHITEWINS" roundNumber="2" tableNumber="9" whitePlayer="GAUTHIERHENRI"/>
<Game blackPlayer="CHETIOUIBENJAMIN" handicap="0" knownColor="true" result="RESULT_BLACKWINS" roundNumber="2" tableNumber="10" whitePlayer="AVEROUSPIERRE"/>
<Game blackPlayer="AUSSIBALGABRIEL" handicap="0" knownColor="true" result="RESULT_BLACKWINS" roundNumber="2" tableNumber="15" whitePlayer="MOCCELINANGELINO"/>
<Game blackPlayer="WECKERINGGUILLAUME" handicap="0" knownColor="true" result="RESULT_BLACKWINS" roundNumber="2" tableNumber="16" whitePlayer="KOEHLFABRICE"/>
<Game blackPlayer="FIACREALAIN" handicap="0" knownColor="true" result="RESULT_WHITEWINS" roundNumber="2" tableNumber="13" whitePlayer="ADJIAGEGREGORY"/>
<Game blackPlayer="GASMIOUSSAMA" handicap="0" knownColor="true" result="RESULT_BLACKWINS" roundNumber="2" tableNumber="14" whitePlayer="KOLLERTHOMAS"/>
<Game blackPlayer="KOSKINVLADIMIR" handicap="0" knownColor="true" result="RESULT_WHITEWINS" roundNumber="2" tableNumber="19" whitePlayer="DESJOBERTJEAN-MARIE"/>
<Game blackPlayer="BREITLINGTHOMAS" handicap="0" knownColor="true" result="RESULT_BLACKWINS" roundNumber="2" tableNumber="20" whitePlayer="GOLOMBJEAN-CHARLES"/>
<Game blackPlayer="AVEROUSCHRISTOPHE" handicap="0" knownColor="true" result="RESULT_WHITEWINS" roundNumber="2" tableNumber="17" whitePlayer="CRESPINOGEOFFREY"/>
<Game blackPlayer="LACANEMERICK" handicap="0" knownColor="true" result="RESULT_WHITEWINS" roundNumber="2" tableNumber="18" whitePlayer="ROMAINCZYKJUERGEN"/>
<Game blackPlayer="WILLAUMEPIERRE-ALAIN" handicap="0" knownColor="true" result="RESULT_WHITEWINS" roundNumber="2" tableNumber="23" whitePlayer="GYPSERANDREAS"/>
<Game blackPlayer="MEDJMADJMEHDI" handicap="0" knownColor="true" result="RESULT_BLACKWINS" roundNumber="2" tableNumber="24" whitePlayer="OTAWAHIROAKI"/>
<Game blackPlayer="ELOPHEOLIVIER" handicap="0" knownColor="true" result="RESULT_WHITEWINS" roundNumber="2" tableNumber="21" whitePlayer="JOURDANMARC"/>
<Game blackPlayer="PFITZENREITERULF" handicap="0" knownColor="true" result="RESULT_WHITEWINS" roundNumber="2" tableNumber="22" whitePlayer="MEYERMICHEL"/>
<Game blackPlayer="KATOHOSAMU" handicap="0" knownColor="true" result="RESULT_BLACKWINS" roundNumber="2" tableNumber="28" whitePlayer="HENRYYANNIS"/>
<Game blackPlayer="LAUVERJATCHRISTIAN" handicap="0" knownColor="true" result="RESULT_BLACKWINS" roundNumber="2" tableNumber="27" whitePlayer="VARINOTJEROME"/>
<Game blackPlayer="LAPORTEJEAN-BAPTISTE" handicap="0" knownColor="true" result="RESULT_BLACKWINS" roundNumber="2" tableNumber="26" whitePlayer="BERNERSTEFAN"/>
<Game blackPlayer="KATOHRYOICHI" handicap="0" knownColor="true" result="RESULT_WHITEWINS" roundNumber="2" tableNumber="25" whitePlayer="RITZENTHALERMARIEN"/>
<Game blackPlayer="CHIARONICO" handicap="0" knownColor="true" result="RESULT_BLACKWINS" roundNumber="2" tableNumber="30" whitePlayer="EL-MOUSSAOUYOUSSEF"/>
<Game blackPlayer="LASSALLENICOLAS" handicap="0" knownColor="true" result="RESULT_BLACKWINS" roundNumber="2" tableNumber="29" whitePlayer="DIDIERQUENTIN"/>
<Game blackPlayer="CHIARONICO" handicap="0" knownColor="true" result="RESULT_WHITEWINS" roundNumber="4" tableNumber="29" whitePlayer="LASSALLENICOLAS"/>
<Game blackPlayer="DIDIERQUENTIN" handicap="0" knownColor="true" result="RESULT_BLACKWINS" roundNumber="4" tableNumber="30" whitePlayer="EL-MOUSSAOUYOUSSEF"/>
<Game blackPlayer="KATOHOSAMU" handicap="0" knownColor="true" result="RESULT_WHITEWINS" roundNumber="4" tableNumber="25" whitePlayer="LAPORTEJEAN-BAPTISTE"/>
<Game blackPlayer="KATOHRYOICHI" handicap="0" knownColor="true" result="RESULT_BLACKWINS" roundNumber="4" tableNumber="26" whitePlayer="LAUVERJATCHRISTIAN"/>
<Game blackPlayer="BERNERSTEFAN" handicap="0" knownColor="true" result="RESULT_BLACKWINS" roundNumber="4" tableNumber="27" whitePlayer="VARINOTJEROME"/>
<Game blackPlayer="HENRYYANNIS" handicap="0" knownColor="true" result="RESULT_BLACKWINS" roundNumber="4" tableNumber="28" whitePlayer="OTAWAHIROAKI"/>
<Game blackPlayer="GYPSERANDREAS" handicap="0" knownColor="true" result="RESULT_WHITEWINS" roundNumber="4" tableNumber="24" whitePlayer="JOURDANMARC"/>
<Game blackPlayer="RITZENTHALERMARIEN" handicap="0" knownColor="true" result="RESULT_BLACKWINS" roundNumber="4" tableNumber="23" whitePlayer="MEYERMICHEL"/>
<Game blackPlayer="PFITZENREITERULF" handicap="0" knownColor="true" result="RESULT_BLACKWINS" roundNumber="4" tableNumber="22" whitePlayer="KOSKINVLADIMIR"/>
<Game blackPlayer="WILLAUMEPIERRE-ALAIN" handicap="0" knownColor="true" result="RESULT_BLACKWINS" roundNumber="4" tableNumber="21" whitePlayer="BREITLINGTHOMAS"/>
<Game blackPlayer="ROMAINCZYKJUERGEN" handicap="0" knownColor="true" result="RESULT_BLACKWINS" roundNumber="4" tableNumber="20" whitePlayer="MEDJMADJMEHDI"/>
<Game blackPlayer="GOLOMBJEAN-CHARLES" handicap="0" knownColor="true" result="RESULT_BLACKWINS" roundNumber="4" tableNumber="19" whitePlayer="LACANEMERICK"/>
<Game blackPlayer="KOEHLFABRICE" handicap="0" knownColor="true" result="RESULT_WHITEWINS" roundNumber="4" tableNumber="18" whitePlayer="DESJOBERTJEAN-MARIE"/>
<Game blackPlayer="AVEROUSCHRISTOPHE" handicap="0" knownColor="true" result="RESULT_WHITEWINS" roundNumber="4" tableNumber="17" whitePlayer="KOLLERTHOMAS"/>
<Game blackPlayer="MOCCELINANGELINO" handicap="0" knownColor="true" result="RESULT_BLACKWINS" roundNumber="4" tableNumber="16" whitePlayer="WECKERINGGUILLAUME"/>
<Game blackPlayer="FIACREALAIN" handicap="0" knownColor="true" result="RESULT_WHITEWINS" roundNumber="4" tableNumber="15" whitePlayer="LE_MORVANERIC"/>
<Game blackPlayer="LEPELLETIERPATRICK" handicap="0" knownColor="true" result="RESULT_WHITEWINS" roundNumber="4" tableNumber="14" whitePlayer="GASMIOUSSAMA"/>
<Game blackPlayer="AUSSIBALGABRIEL" handicap="0" knownColor="true" result="RESULT_BLACKWINS" roundNumber="4" tableNumber="13" whitePlayer="ADJIAGEGREGORY"/>
<Game blackPlayer="CRESPINOGEOFFREY" handicap="0" knownColor="true" result="RESULT_WHITEWINS" roundNumber="4" tableNumber="12" whitePlayer="BLANLOEILVICTOR"/>
<Game blackPlayer="AVEROUSPIERRE" handicap="0" knownColor="true" result="RESULT_WHITEWINS" roundNumber="4" tableNumber="11" whitePlayer="CAONGOC-TRANG"/>
<Game blackPlayer="DECELLESIMON" handicap="0" knownColor="true" result="RESULT_BLACKWINS" roundNumber="4" tableNumber="10" whitePlayer="GAUTHIERHENRI"/>
<Game blackPlayer="CHETIOUIBENJAMIN" handicap="0" knownColor="true" result="RESULT_BLACKWINS" roundNumber="4" tableNumber="9" whitePlayer="KIKUCHITAKAHISA"/>
<Game blackPlayer="STAUDERLEON" handicap="0" knownColor="true" result="RESULT_BLACKWINS" roundNumber="4" tableNumber="7" whitePlayer="BLANCHARDBENJAMIN"/>
<Game blackPlayer="MUGNIERVINCENT" handicap="0" knownColor="true" result="RESULT_BLACKWINS" roundNumber="4" tableNumber="8" whitePlayer="MUELLERPASCAL"/>
<Game blackPlayer="TARUMIJUN" handicap="0" knownColor="true" result="RESULT_BLACKWINS" roundNumber="4" tableNumber="5" whitePlayer="GAUTHIERTHIBAULT"/>
<Game blackPlayer="PAPAZOGLOUBENJAMIN" handicap="0" knownColor="true" result="RESULT_BLACKWINS" roundNumber="4" tableNumber="6" whitePlayer="OANCEAPETRU"/>
<Game blackPlayer="FENECHANTOINE" handicap="0" knownColor="true" result="RESULT_WHITEWINS" roundNumber="4" tableNumber="3" whitePlayer="EEDENGILLES_VAN"/>
<Game blackPlayer="LIYUE" handicap="0" knownColor="true" result="RESULT_BLACKWINS" roundNumber="4" tableNumber="4" whitePlayer="SBAIKEVIN"/>
<Game blackPlayer="CHOSEOK-BIN" handicap="0" knownColor="true" result="RESULT_BLACKWINS" roundNumber="4" tableNumber="1" whitePlayer="NOGUCHIMOTOKI"/>
<Game blackPlayer="WATANABETAKEBUMI" handicap="0" knownColor="true" result="RESULT_WHITEWINS" roundNumber="4" tableNumber="2" whitePlayer="DEBARRETHOMAS"/>
<Game blackPlayer="EEDENGILLES_VAN" handicap="0" knownColor="true" result="RESULT_WHITEWINS" roundNumber="2" tableNumber="2" whitePlayer="WATANABETAKEBUMI"/>
<Game blackPlayer="CHOSEOK-BIN" handicap="0" knownColor="true" result="RESULT_BLACKWINS" roundNumber="2" tableNumber="1" whitePlayer="SBAIKEVIN"/>
<Game blackPlayer="NOGUCHIMOTOKI" handicap="0" knownColor="true" result="RESULT_BLACKWINS" roundNumber="2" tableNumber="4" whitePlayer="STAUDERLEON"/>
<Game blackPlayer="DEBARRETHOMAS" handicap="0" knownColor="true" result="RESULT_BLACKWINS" roundNumber="2" tableNumber="3" whitePlayer="LIYUE"/>
<Game blackPlayer="KIKUCHITAKAHISA" handicap="0" knownColor="true" result="RESULT_WHITEWINS" roundNumber="2" tableNumber="6" whitePlayer="PAPAZOGLOUBENJAMIN"/>
<Game blackPlayer="BLANCHARDBENJAMIN" handicap="0" knownColor="true" result="RESULT_WHITEWINS" roundNumber="2" tableNumber="5" whitePlayer="TARUMIJUN"/>
<Game blackPlayer="MUGNIERVINCENT" handicap="0" knownColor="true" result="RESULT_WHITEWINS" roundNumber="2" tableNumber="8" whitePlayer="OANCEAPETRU"/>
<Game blackPlayer="FENECHANTOINE" handicap="0" knownColor="true" result="RESULT_BLACKWINS" roundNumber="2" tableNumber="7" whitePlayer="GAUTHIERTHIBAULT"/>
<Game blackPlayer="MEDJMADJMEHDI" handicap="0" knownColor="true" result="RESULT_BLACKWINS" roundNumber="3" tableNumber="22" whitePlayer="GYPSERANDREAS"/>
<Game blackPlayer="JOURDANMARC" handicap="0" knownColor="true" result="RESULT_WHITEWINS" roundNumber="3" tableNumber="21" whitePlayer="GOLOMBJEAN-CHARLES"/>
<Game blackPlayer="OTAWAHIROAKI" handicap="0" knownColor="true" result="RESULT_WHITEWINS" roundNumber="3" tableNumber="24" whitePlayer="WILLAUMEPIERRE-ALAIN"/>
<Game blackPlayer="RITZENTHALERMARIEN" handicap="0" knownColor="true" result="RESULT_BLACKWINS" roundNumber="3" tableNumber="23" whitePlayer="PFITZENREITERULF"/>
<Game blackPlayer="AVEROUSCHRISTOPHE" handicap="0" knownColor="true" result="RESULT_BLACKWINS" roundNumber="3" tableNumber="18" whitePlayer="ROMAINCZYKJUERGEN"/>
<Game blackPlayer="BREITLINGTHOMAS" handicap="0" knownColor="true" result="RESULT_WHITEWINS" roundNumber="3" tableNumber="17" whitePlayer="FIACREALAIN"/>
<Game blackPlayer="DESJOBERTJEAN-MARIE" handicap="0" knownColor="true" result="RESULT_BLACKWINS" roundNumber="3" tableNumber="19" whitePlayer="LACANEMERICK"/>
<Game blackPlayer="HENRYYANNIS" handicap="0" knownColor="true" result="RESULT_BLACKWINS" roundNumber="3" tableNumber="29" whitePlayer="CHIARONICO"/>
<Game blackPlayer="VARINOTJEROME" handicap="0" knownColor="true" result="RESULT_BLACKWINS" roundNumber="3" tableNumber="26" whitePlayer="KATOHRYOICHI"/>
<Game blackPlayer="LAPORTEJEAN-BAPTISTE" handicap="0" knownColor="true" result="RESULT_BLACKWINS" roundNumber="3" tableNumber="25" whitePlayer="LAUVERJATCHRISTIAN"/>
<Game blackPlayer="LASSALLENICOLAS" handicap="0" knownColor="true" result="RESULT_WHITEWINS" roundNumber="3" tableNumber="28" whitePlayer="BERNERSTEFAN"/>
<Game blackPlayer="EL-MOUSSAOUYOUSSEF" handicap="0" knownColor="true" result="RESULT_WHITEWINS" roundNumber="3" tableNumber="27" whitePlayer="KATOHOSAMU"/>
<Game blackPlayer="EEDENGILLES_VAN" handicap="0" knownColor="true" result="RESULT_BLACKWINS" roundNumber="3" tableNumber="3" whitePlayer="TARUMIJUN"/>
<Game blackPlayer="OANCEAPETRU" handicap="0" knownColor="true" result="RESULT_WHITEWINS" roundNumber="3" tableNumber="4" whitePlayer="LIYUE"/>
<Game blackPlayer="WATANABETAKEBUMI" handicap="0" knownColor="true" result="RESULT_WHITEWINS" roundNumber="3" tableNumber="1" whitePlayer="CHOSEOK-BIN"/>
<Game blackPlayer="NOGUCHIMOTOKI" handicap="0" knownColor="true" result="RESULT_BLACKWINS" roundNumber="3" tableNumber="2" whitePlayer="DEBARRETHOMAS"/>
<Game blackPlayer="GAUTHIERTHIBAULT" handicap="0" knownColor="true" result="RESULT_BLACKWINS" roundNumber="3" tableNumber="7" whitePlayer="KIKUCHITAKAHISA"/>
<Game blackPlayer="GAUTHIERHENRI" handicap="0" knownColor="true" result="RESULT_WHITEWINS" roundNumber="3" tableNumber="8" whitePlayer="BLANCHARDBENJAMIN"/>
<Game blackPlayer="SBAIKEVIN" handicap="0" knownColor="true" result="RESULT_BLACKWINS" roundNumber="3" tableNumber="5" whitePlayer="PAPAZOGLOUBENJAMIN"/>
<Game blackPlayer="STAUDERLEON" handicap="0" knownColor="true" result="RESULT_WHITEWINS" roundNumber="3" tableNumber="6" whitePlayer="FENECHANTOINE"/>
<Game blackPlayer="CAONGOC-TRANG" handicap="0" knownColor="true" result="RESULT_BLACKWINS" roundNumber="3" tableNumber="11" whitePlayer="LEPELLETIERPATRICK"/>
<Game blackPlayer="BLANLOEILVICTOR" handicap="0" knownColor="true" result="RESULT_WHITEWINS" roundNumber="3" tableNumber="12" whitePlayer="AUSSIBALGABRIEL"/>
<Game blackPlayer="CHETIOUIBENJAMIN" handicap="0" knownColor="true" result="RESULT_BLACKWINS" roundNumber="3" tableNumber="9" whitePlayer="MUGNIERVINCENT"/>
<Game blackPlayer="DECELLESIMON" handicap="0" knownColor="true" result="RESULT_WHITEWINS" roundNumber="3" tableNumber="10" whitePlayer="AVEROUSPIERRE"/>
<Game blackPlayer="KOLLERTHOMAS" handicap="0" knownColor="true" result="RESULT_WHITEWINS" roundNumber="3" tableNumber="15" whitePlayer="WECKERINGGUILLAUME"/>
<Game blackPlayer="CUVILLONLOÏC" handicap="0" knownColor="true" result="RESULT_WHITEWINS" roundNumber="3" tableNumber="16" whitePlayer="CRESPINOGEOFFREY"/>
<Game blackPlayer="LE_MORVANERIC" handicap="0" knownColor="true" result="RESULT_WHITEWINS" roundNumber="3" tableNumber="13" whitePlayer="ADJIAGEGREGORY"/>
<Game blackPlayer="GASMIOUSSAMA" handicap="0" knownColor="true" result="RESULT_BLACKWINS" roundNumber="3" tableNumber="14" whitePlayer="MEYERMICHEL"/>
</Games>
<ByePlayers>
<ByePlayer player="CUVILLONLOÏC" roundNumber="1"/>
<ByePlayer player="DIDIERQUENTIN" roundNumber="3"/>
</ByePlayers>
<TournamentParameterSet>
<GeneralParameterSet basicTime="60" beginDate="2012-05-12" canByoYomiTime="300" complementaryTimeSystem="CANBYOYOMI" director="" endDate="2012-05-13" fischerTime="10" genMMBar="3D" genMMFloor="20K" genMMS2ValueAbsent="0" genMMS2ValueBye="1" genNBW2ValueAbsent="0" genNBW2ValueBye="1" genRoundDownNBWMMS="true" komi="6.5" location="Strasbourg" name="Tournoi International de Strasbourg 2012" nbMovesCanTime="15" numberOfCategories="1" numberOfRounds="4" shortName="strasbourg2012" size="19" stdByoYomiTime="30"/>
<HandicapParameterSet hdBasedOnMMS="true" hdCeiling="1" hdCorrection="1" hdNoHdRankThreshold="20K"/>
<PlacementParameterSet>
<PlacementCriteria>
<PlacementCriterion name="MMS" number="1"/>
<PlacementCriterion name="STS" number="2"/>
<PlacementCriterion name="SOSTS" number="3"/>
<PlacementCriterion name="NULL" number="4"/>
<PlacementCriterion name="NULL" number="5"/>
<PlacementCriterion name="NULL" number="6"/>
</PlacementCriteria>
</PlacementParameterSet>
<PairingParameterSet paiBaAvoidDuplGame="500000000000000" paiBaBalanceWB="1000000" paiBaDeterministic="true" paiBaRandom="0" paiMaAdditionalPlacementCritSystem1="Rating" paiMaAdditionalPlacementCritSystem2="NULL" paiMaAvoidMixingCategories="0" paiMaDUDDLowerMode="TOP" paiMaDUDDUpperMode="TOP" paiMaDUDDWeight="100000000" paiMaLastRoundForSeedSystem1="2" paiMaMaximizeSeeding="5000000" paiMaMinimizeScoreDifference="100000000000" paiMaSeedSystem1="SPLITANDFOLD" paiSeAvoidSameGeo="100000000000" paiSeDefSecCrit="100000000000" paiSeMinimizeHandicap="0" paiSeNbWinsThresholdActive="false" paiSePreferMMSDiffRatherThanSameClub="3" paiSePreferMMSDiffRatherThanSameCountry="2" paiSeRankThreshold="1D" paiStandardNX1Factor="0.5"/>
</TournamentParameterSet>
<TeamTournamentParameterSet>
<TeamGeneralParameterSet teamSize="4"/>
<TeamPlacementParameterSet>
<PlacementCriteria>
<PlacementCriterion name="TEAMP" number="1"/>
<PlacementCriterion name="BDW" number="2"/>
<PlacementCriterion name="BDW3U" number="3"/>
<PlacementCriterion name="BDW2U" number="4"/>
<PlacementCriterion name="BDW1U" number="5"/>
<PlacementCriterion name="MNR" number="6"/>
</PlacementCriteria>
</TeamPlacementParameterSet>
</TeamTournamentParameterSet>
</Tournament>
